Job arriving time,# of container,Job elapsed time,Job type
0,10,310,2
10,10,311,2
20,10,312,2
30,10,313,2
40,10,314,2
50,10,315,2
60,10,316,2
70,10,317,2
80,10,318,2
90,10,319,2
100,10,320,2
110,10,321,2
120,10,322,2
130,10,323,2
140,10,324,2
150,10,325,2
160,10,326,2
170,10,327,2
180,10,328,2
190,10,329,2
200,10,330,2
210,10,331,2
220,10,332,2
230,10,333,2
240,10,334,2
250,10,335,2
260,10,336,2
270,10,337,2
280,10,338,2
290,10,339,2
300,10,340,2
310,10,341,2
320,10,342,2
330,10,343,2
340,10,344,2
350,10,345,2
360,10,346,2
370,10,347,2
380,10,348,2
390,10,349,2
400,10,350,2
410,10,351,2
420,10,352,2
430,10,353,2
440,10,354,2
450,10,355,2
460,10,356,2
470,10,357,2
480,10,358,2
490,10,359,2
500,10,360,2
510,10,361,2
520,10,362,2
530,10,363,2
540,10,364,2
550,10,365,2
560,10,366,2
570,10,367,2
580,10,368,2
590,10,369,2
600,10,370,2
610,10,371,2
620,10,372,2
630,10,373,2
640,10,374,2
650,10,375,2
660,10,376,2
670,10,377,2
680,10,378,2
690,10,379,2
700,10,380,2
710,10,381,2
720,10,382,2
730,10,383,2
740,10,384,2
750,10,385,2
760,10,386,2
770,10,387,2
780,10,388,2
790,10,389,2
800,10,390,2
810,10,391,2
820,10,392,2
830,10,393,2
840,10,394,2
850,10,395,2
860,10,396,2
870,10,397,2
880,10,398,2
890,10,399,2
900,10,400,2
910,10,401,2
920,10,402,2
930,10,403,2
940,10,404,2
950,10,405,2
960,10,406,2
970,10,407,2
980,10,408,2
990,10,409,2
1000,10,410,2
1010,10,411,2
1020,10,412,2
1030,10,413,2
1040,10,414,2
1050,10,415,2
1060,10,416,2
1070,10,417,2
1080,10,418,2
1090,10,419,2
1100,10,420,2
1110,10,421,2
1120,10,422,2
1130,10,423,2
1140,10,424,2
1150,10,425,2
1160,10,426,2
1170,10,427,2
1180,10,428,2
1190,10,429,2
1200,10,430,2
1210,10,431,2
1220,10,432,2
1230,10,433,2
1240,10,434,2
1250,10,435,2
1260,10,436,2
1270,10,437,2
1280,10,438,2
1290,10,439,2
1300,10,440,2
1310,10,441,2
1320,10,442,2
1330,10,443,2
1340,10,444,2
1350,10,445,2
1360,10,446,2
1370,10,447,2
1380,10,448,2
1390,10,449,2
1400,10,450,2
1410,10,451,2
1420,10,452,2
1430,10,453,2
1440,10,454,2
1450,10,455,2
1460,10,456,2
1470,10,457,2
1480,10,458,2
1490,10,459,2
1500,10,460,2
1510,10,461,2
1520,10,462,2
1530,10,463,2
1540,10,464,2
1550,10,465,2
1560,10,466,2
1570,10,467,2
1580,10,468,2
1590,10,469,2
1600,10,470,2
1610,10,471,2
1620,10,472,2
1630,10,473,2
1640,10,474,2
1650,10,475,2
1660,10,476,2
1670,10,477,2
1680,10,478,2
1690,10,479,2
1700,10,480,2
1710,10,481,2
1720,10,482,2
1730,10,483,2
1740,10,484,2
1750,10,485,2
1760,10,486,2
1770,10,487,2
1780,10,488,2
1790,10,489,2
1800,10,490,2
1810,10,491,2
1820,10,492,2
1830,10,493,2
1840,10,494,2
1850,10,495,2
1860,10,496,2
1870,10,497,2
1880,10,498,2
1890,10,499,2
1900,10,500,2
1910,10,501,2
1920,10,502,2
1930,10,503,2
1940,10,504,2
1950,10,505,2
1960,10,506,2
1970,10,507,2
1980,10,508,2
1990,10,509,2
2000,10,510,2
2010,10,511,2
2020,10,512,2
2030,10,513,2
2040,10,514,2
2050,10,515,2
2060,10,516,2
2070,10,517,2
2080,10,518,2
2090,10,519,2
2100,10,520,2
2110,10,521,2
2120,10,522,2
2130,10,523,2
2140,10,524,2
2150,10,525,2
2160,10,526,2
2170,10,527,2
2180,10,528,2
2190,10,529,2
2200,10,530,2
2210,10,531,2
2220,10,532,2
2230,10,533,2
2240,10,534,2
2250,10,535,2
2260,10,536,2
2270,10,537,2
2280,10,538,2
2290,10,539,2
2300,10,540,2
2310,10,541,2
2320,10,542,2
2330,10,543,2
2340,10,544,2
2350,10,545,2
2360,10,546,2
2370,10,547,2
2380,10,548,2
2390,10,549,2
2400,10,550,2
2410,10,551,2
2420,10,552,2
2430,10,553,2
2440,10,554,2
2450,10,555,2
2460,10,556,2
2470,10,557,2
2480,10,558,2
2490,10,559,2
2500,10,560,2
2510,10,561,2
2520,10,562,2
2530,10,563,2
2540,10,564,2
2550,10,565,2
2560,10,566,2
2570,10,567,2
2580,10,568,2
2590,10,569,2
2600,10,570,2
2610,10,571,2
2620,10,572,2
2630,10,573,2
2640,10,574,2
2650,10,575,2
2660,10,576,2
2670,10,577,2
2680,10,578,2
2690,10,579,2
2700,10,580,2
2710,10,581,2
2720,10,582,2
2730,10,583,2
2740,10,584,2
2750,10,585,2
2760,10,586,2
2770,10,587,2
2780,10,588,2
2790,10,589,2
2800,10,590,2
2810,10,591,2
2820,10,592,2
2830,10,593,2
2840,10,594,2
2850,10,595,2
2860,10,596,2
2870,10,597,2
2880,10,598,2
2890,10,599,2
2900,10,600,2
2910,10,601,2
2920,10,602,2
2930,10,603,2
2940,10,604,2
2950,10,605,2
2960,10,606,2
2970,10,607,2
2980,10,608,2
2990,10,609,2
3000,10,610,2
3010,10,611,2
3020,10,612,2
3030,10,613,2
3040,10,614,2
3050,10,615,2
3060,10,616,2
3070,10,617,2
3080,10,618,2
3090,10,619,2
3100,10,620,2
3110,10,621,2
3120,10,622,2
3130,10,623,2
3140,10,624,2
3150,10,625,2
3160,10,626,2
3170,10,627,2
3180,10,628,2
3190,10,629,2
3200,10,630,2
3210,10,631,2
3220,10,632,2
3230,10,633,2
3240,10,634,2
3250,10,635,2
3260,10,636,2
3270,10,637,2
3280,10,638,2
3290,10,639,2
3300,10,640,2
3310,10,641,2
3320,10,642,2
3330,10,643,2
3340,10,644,2
3350,10,645,2
3360,10,646,2
3370,10,647,2
3380,10,648,2
3390,10,649,2
3400,10,650,2
3410,10,651,2
3420,10,652,2
3430,10,653,2
3440,10,654,2
3450,10,655,2
3460,10,656,2
3470,10,657,2
3480,10,658,2
3490,10,659,2
3500,10,660,2
3510,10,661,2
3520,10,662,2
3530,10,663,2
3540,10,664,2
3550,10,665,2
3560,10,666,2
3570,10,667,2
3580,10,668,2
3590,10,669,2
3600,10,670,2
3610,10,671,2
3620,10,672,2
3630,10,673,2
3640,10,674,2
3650,10,675,2
3660,10,676,2
3670,10,677,2
3680,10,678,2
3690,10,679,2
3700,10,680,2
3710,10,681,2
3720,10,682,2
3730,10,683,2
3740,10,684,2
3750,10,685,2
3760,10,686,2
3770,10,687,2
3780,10,688,2
3790,10,689,2
3800,10,690,2
3810,10,691,2
3820,10,692,2
3830,10,693,2
3840,10,694,2
3850,10,695,2
3860,10,696,2
3870,10,697,2
3880,10,698,2
3890,10,699,2
3900,10,700,2
3910,10,701,2
3920,10,702,2
3930,10,703,2
3940,10,704,2
3950,10,705,2
3960,10,706,2
3970,10,707,2
3980,10,708,2
3990,10,709,2
4000,10,710,2
4010,10,711,2
4020,10,712,2
4030,10,713,2
4040,10,714,2
4050,10,715,2
4060,10,716,2
4070,10,717,2
4080,10,718,2
4090,10,719,2
4100,10,720,2
4110,10,721,2
4120,10,722,2
4130,10,723,2
4140,10,724,2
4150,10,725,2
4160,10,726,2
4170,10,727,2
4180,10,728,2
4190,10,729,2
4200,10,730,2
4210,10,731,2
4220,10,732,2
4230,10,733,2
4240,10,734,2
4250,10,735,2
4260,10,736,2
4270,10,737,2
4280,10,738,2
4290,10,739,2
4300,10,740,2
4310,10,741,2
4320,10,742,2
4330,10,743,2
4340,10,744,2
4350,10,745,2
4360,10,746,2
4370,10,747,2
4380,10,748,2
4390,10,749,2
4400,10,750,2
4410,10,751,2
4420,10,752,2
4430,10,753,2
4440,10,754,2
4450,10,755,2
4460,10,756,2
4470,10,757,2
4480,10,758,2
4490,10,759,2
4500,10,760,2
4510,10,761,2
4520,10,762,2
4530,10,763,2
4540,10,764,2
4550,10,765,2
4560,10,766,2
4570,10,767,2
4580,10,768,2
4590,10,769,2
4600,10,770,2
4610,10,771,2
4620,10,772,2
4630,10,773,2
4640,10,774,2
4650,10,775,2
4660,10,776,2
4670,10,777,2
4680,10,778,2
4690,10,779,2
4700,10,780,2
4710,10,781,2
4720,10,782,2
4730,10,783,2
4740,10,784,2
4750,10,785,2
4760,10,786,2
4770,10,787,2
4780,10,788,2
4790,10,789,2
4800,10,790,2
4810,10,791,2
4820,10,792,2
4830,10,793,2
4840,10,794,2
4850,10,795,2
4860,10,796,2
4870,10,797,2
4880,10,798,2
4890,10,799,2
4900,10,800,2
4910,10,801,2
4920,10,802,2
4930,10,803,2
4940,10,804,2
4950,10,805,2
4960,10,806,2
4970,10,807,2
4980,10,808,2
4990,10,809,2
5000,10,810,2
5010,10,811,2
5020,10,812,2
5030,10,813,2
5040,10,814,2
5050,10,815,2
5060,10,816,2
5070,10,817,2
5080,10,818,2
5090,10,819,2
5100,10,820,2
5110,10,821,2
5120,10,822,2
5130,10,823,2
5140,10,824,2
5150,10,825,2
5160,10,826,2
5170,10,827,2
5180,10,828,2
5190,10,829,2
5200,10,830,2
5210,10,831,2
5220,10,832,2
5230,10,833,2
5240,10,834,2
5250,10,835,2
5260,10,836,2
5270,10,837,2
5280,10,838,2
5290,10,839,2
5300,10,840,2
50879,7,,2
50966,3,32,0
51106,7,185,0
51118,4,,2
51256,6,82,0
51295,6,38,0
51425,4,493,0
51569,9,36,0
51674,7,249,0
51674,7,,2
51683,3,242,0
51815,9,1473,0
51815,6,624,0
52013,4,,2
52032,1,39,0
52059,6,47,0
52059,6,917,0
52059,31,448,0
52077,5,234,0
52161,4,524,0
52161,6,200,0
52161,7,45,0
52161,5,38,0
52386,9,839,0
52386,9,,2
52399,2,49,0
52538,9,40,0
52688,6,,2
52725,4,127,0
52725,1,174,0
52750,3,43,0
52927,6,1334,0
52927,6,,2
53062,5,557,0
53062,1,225,0
53062,3,115,0
53071,5,113,0
53071,6,,2
53079,5,37,0
53134,10,,2
53178,4,,2
53288,11,89,0
53298,1,372,0
53298,7,807,0
53298,7,,2
53298,5,,2
54233,10,,2
54236,2,878,0
54247,9,36,0
54247,7,,2
54566,9,,2
54814,5,31,1
54918,8,74,1
55058,5,51,1
55065,5,37,1
55175,4,,2
55181,2,225,1
55181,6,216,1
55203,1,118,1
55215,8,36,1
55224,6,,2
55224,9,,2
55299,6,30,0
55326,6,137,1
55326,3,,2
55434,6,579,1
55458,8,45,1
55467,3,632,0
55467,3,42,1
55482,5,529,0
55488,1,35,1
55505,7,170,1
55505,1,129,1
55505,3,60,1
55505,1,,2
55748,10,42,0
55748,5,80,1
55748,9,,2
55923,10,44,1
56013,10,,2
56210,3,37,1
56249,6,36,1
56754,9,417,0
56754,10,106,1
56764,3,104,1
56904,8,449,0
56916,4,,2
56931,10,433,1
56953,1,319,1
57052,6,34,1
57228,6,307,1
57228,4,,2
57248,2,335,1
57248,5,,2
57276,31,270,1
57276,7,,2
57276,30,,2
57458,33,281,1
57692,9,255,0
57734,11,235,0
57734,14,141,1
57804,4,3027,0
57811,5,2501,1
58051,5,286,1
58051,2,139,1
58219,42,275,1
58291,4,31,1
58508,4,64,0
58508,7,32,0
58508,7,126,1
58559,2,,2
58563,9,187,0
58563,8,97,1
58728,2,35,1
58758,3,54,0
58779,6,125,1
58779,7,,2
58797,10,189,1
58797,10,165,1
58797,7,,2
58807,9,50,0
58807,4,32,0
58807,7,,2
58809,1,378,0
58935,1,37,0
58935,6,36,1
58939,10,44,0
58939,6,38,0
58939,3,,2
59084,9,33,0
59084,10,44,1
59095,2,37,1
59139,8,83,1
59145,2,81,0
59167,2,43,0
59232,9,112,1
59232,1,,2
59235,1,,2
59265,5,,2
59270,1,82,0
59285,10,,2
59406,2,,2
59436,10,,2
59436,10,,2
59850,9,,2
59850,1,,2
59899,10,141,1
59899,8,54,1
59899,2,,2
59975,3,179,1
60085,3,,2
60393,3,89,1
60393,9,24,1
60393,8,,2
60393,4,,2
60630,3,89,1
60630,2,83,1
60630,9,76,1
60808,7,510,1
60826,6,,2
60841,10,,2
60932,7,65,1
60981,2,275,1
60993,1,117,1
61110,9,,2
61212,3,,2
61304,8,246,0
61322,6,38,0
61526,8,,2
61554,7,192,1
61554,13,98,1
61554,7,,2
61638,10,76,0
61638,4,165,1
61644,2,75,1
61669,5,46,0
61733,10,1010,1
61733,5,33,1
61733,4,,2
61815,3,36,0
61897,4,,2
61950,5,36,1
62070,6,38,0
62084,2,37,1
62134,10,913,0
62134,3,26,0
62134,2,128,1
62134,9,81,1
62134,4,,2
62134,3,,2
62314,3,78,0
62314,5,114,1
62314,6,79,1
62314,40,,2
62516,9,,2
62525,6,36,0
62533,5,75,1
62885,5,,2
62910,1,38,1
63160,5,,2
63258,6,108,0
63258,7,91,1
63267,9,89,1
63267,9,,2
63279,9,37,0
63279,2,56,1
63329,10,31,1
63460,1,298,1
63460,6,288,1
63460,3,,2
63460,1,,2
63705,10,268,0
63925,9,130,1
64165,10,,2
64309,6,212,0
64312,2,35,1
64537,5,197,1
64537,10,,2
64537,2,,2
64564,9,81,0
64586,3,223,1
64586,1,,2
64930,13,67,1
64946,8,,2
64950,8,34,1
64972,2,64,1
65028,8,81,1
65028,3,50,1
65028,9,42,1
65028,4,,2
65028,9,,2
65145,39,77,1
65235,4,53,0
65276,9,40,0
65419,7,,2
65433,9,1576,0
65433,7,1555,0
65433,8,967,0
65433,6,1219,1
65433,5,1130,1
65433,9,,2
65433,9,,2
65608,10,134,1
65608,8,63,1
65608,7,,2
65740,8,,2
65855,10,,2
65855,9,,2
65872,5,,2
66240,8,74,1
66268,8,73,1
66331,3,764,0
66381,32,545,0
66381,20,,2
66424,1,434,0
66424,8,313,1
66424,8,40,1
66424,2,,2
66439,5,298,1
66439,2,76,1
66439,5,,2
66439,2,,2
66660,9,39,1
66660,1,,2
66660,4,,2
66672,4,195,1
66682,5,26,1
66760,4,233,0
66760,3,222,0
66888,8,33,1
66942,8,48,0
66942,6,,2
66975,3,35,1
67097,10,524,0
67097,9,,2
67097,4,,2
67132,32,732,1
67132,10,,2
67132,3,,2
67152,1,512,0
67391,9,166,1
67391,1,139,1
67391,9,,2
67391,7,,2
67518,7,220,1
67518,5,,2
67620,29,217,0
67660,10,72,1
67682,4,31,0
67716,8,183,1
67716,8,113,1
67716,3,,2
68206,6,192,0
68206,9,97,1
68206,20,,2
68230,2,94,1
68230,8,,2
68445,8,78,0
68445,10,,2
68525,7,29,1
68525,3,,2
68765,10,196,0
68786,1,,2
68804,1,,2
68854,5,184,1
68977,35,181,0
69076,9,36,1
69096,2,48,0
69175,4,79,0
69175,3,1431,1
69194,1,33,1
69242,6,126,1
69242,9,67,1
69242,5,51,1
69293,2,98,1
69395,7,31,0
69442,10,187,1
69442,2,83,1
69442,2,81,1
69442,10,26,1
69442,5,,2
69556,2,582,1
69556,4,,2
69556,1,,2
69564,5,156,1
69574,5,107,1
69688,6,29,1
69719,7,1346,1
69794,3,434,1
69794,8,38,1
69799,10,2387,1
69799,10,1129,1
70089,4,402,0
70199,4,,2
70384,10,24,1
70420,3,351,0
70420,6,244,1
70420,2,67,1
70430,14,113,1
70430,4,,2
70430,9,,2
70487,2,26,0
70627,8,199,0
70627,7,132,0
70645,2,128,0
70645,9,105,0
70645,6,196,1
70875,10,324,1
70875,10,,2
70956,6,34,0
71307,8,44,0
71307,1,135,1
71307,8,31,1
71307,9,,2
71387,4,,2
71468,6,33,1
71490,1,,2
71627,2,24,0
71627,3,107,1
71819,8,,2
71900,2,272,0
71906,5,44,1
71906,2,,2
71921,8,35,0
71921,3,526,1
71921,10,364,1
71921,8,249,1
71921,7,41,1
72017,38,217,0
72017,4,201,1
72017,5,43,1
72017,2,42,1
72047,10,199,0
72183,8,31,1
72204,1,,2
72312,5,320,0
72312,8,336,1
72312,5,279,1
72312,3,,2
72312,6,,2
72432,6,1244,1
72432,5,,2
72453,3,43,1
72529,4,,2
72537,4,39,1
72557,10,,2
72600,4,174,0
72600,9,33,0
72600,14,106,1
72600,2,,2
72624,3,,2
72925,7,,2
72925,4,,2
73040,33,77,1
73225,6,294,0
73225,4,108,0
73225,5,106,1
73225,9,85,1
73225,9,,2
73519,12,71,0
73776,5,39,0
73790,4,25,0
74530,8,31,1
74557,6,97,1
74567,4,,2
74787,10,127,0
74787,10,1758,1
74787,6,1002,1
74805,2,126,0
74805,6,125,1
74963,9,190,1
74994,7,,2
75053,13,125,1
75110,3,44,1
75112,1,,2
75125,9,169,0
75152,9,184,0
75152,9,155,1
75203,3,31,1
75215,8,671,0
75241,3,,2
75262,1,931,0
75292,10,676,1
75492,10,37,1
75609,9,34,0
75701,8,593,1
75757,7,,2
75805,4,74,1
75805,3,,2
75807,5,1655,1
75807,9,47,1
75807,4,,2
75951,7,37,1
75965,4,,2
76033,4,,2
76053,8,166,0
76053,2,135,1
76089,4,51,1
76182,6,200,1
76868,28,186,1
77113,8,93,1
77113,4,133,1
77113,10,,2
77137,7,88,1
77137,7,87,1
77154,1,27,0
77486,7,30,0
77498,8,28,1
77604,2,,2
77778,2,655,1
77810,3,48,1
77810,7,33,1
78302,8,,2
78315,1,202,1
78316,2,368,0
78428,28,200,1
78610,4,421,0
78742,8,33,1
79382,10,31,0
79433,2,60,1
79506,7,39,1
79524,9,46,1
79652,7,47,0
79652,5,250,1
79652,3,37,1
79652,4,32,1
79977,13,237,1
80017,5,41,1
80037,2,34,0
80408,7,203,1
80408,3,72,1
80420,8,40,0
80442,15,201,1
80444,1,28,0
81074,1,171,0
81074,9,154,1
81150,6,106,1
81150,4,,2
81162,2,116,0
81162,6,,2
81189,9,35,1
81311,5,44,1
81527,2,62,0
81527,9,,2
81554,2,34,1
81591,1,,2
81598,2,78,1
81949,6,33,1
82003,6,479,0
82673,10,,2
83038,9,,2
83603,10,,2
83615,3,,2
83699,7,276,0
83727,7,33,1
84159,8,32,0
84297,3,40,0
84412,10,,2
85091,9,33,1
85159,9,29,0
85256,5,237,1
85432,9,67,1
85442,7,124,1
85659,7,,2
85670,3,43,0
85720,10,27,1
86507,9,63,1
87322,9,37,1
87452,10,70,1
88848,8,67,1
88902,6,40,1
88912,5,35,1
88946,4,,2
89009,7,,2
89024,2,595,1
89024,1,39,1
89024,6,33,1
89164,7,2465,1
89185,6,,2
89203,9,42,1
89405,9,,2
89451,7,108,0
89452,1,400,1
89464,8,111,1
89478,7,111,1
89536,5,35,1
89544,8,166,1
89564,1,,2
89591,6,,2
89808,7,2395,1
89893,10,2386,1
89958,3,38,0
90024,1,226,0
90024,7,,2
90122,4,43,0
90245,5,36,0
90361,4,,2
90553,5,,2
90616,9,159,1
90831,2,74,0
90831,2,103,1
90833,1,74,1
90833,9,73,1
91023,10,,2
91135,8,647,0
91135,6,473,0
91135,2,46,0
91135,1,75,1
91135,9,,2
91141,2,72,1
91253,4,32,0
91362,2,25,0
91374,4,,2
91425,10,576,1
91425,6,,2
91563,46,504,1
91766,8,384,0
91766,9,234,1
91886,2,382,0
91886,15,380,1
91886,40,,2
91934,3,,2
92162,4,45,1
92384,3,38,1
92606,5,34,1
92659,7,34,1
92791,6,,2
92963,4,2937,1
92963,9,2051,1
92963,2,415,1
93535,8,366,1
93536,1,,2
93609,29,362,1
93869,10,30,1
93991,2,222,0
93991,7,1973,1
94105,38,1876,1
94105,43,218,1
94107,1,29,0
94127,10,97,0
94127,1,303,1
94178,2,2840,1
94268,20,,2
94268,7,,2
94303,1,687,0
94343,1,56,1
94343,4,,2
94354,7,39,1
94589,1,791,0
94589,10,154,1
94757,7,224,1
94838,3,202,1
94908,1,219,0
94908,4,,2
94930,4,46,0
94940,7,41,0
95090,5,38,1
95090,6,,2
95090,30,,2
95106,2,,2
95309,5,41,0
95446,5,,2
95618,8,30,1
95684,4,,2
95702,7,2387,0
95702,2,,2
95917,5,89,1
95958,1,58,1
95958,1,,2
95961,3,68,1
95961,8,64,1
95981,4,,2
96041,7,705,1
96041,10,35,1
96041,10,,2
96141,5,92,1
96141,4,,2
96156,6,2311,1
96156,3,89,1
96233,5,39,1
96341,18,75,0
96941,8,173,0
97113,8,40,1
98158,10,538,0
98186,8,29,1
98344,9,39,1
98362,6,3496,0
98362,10,197,0
98731,6,,2
98761,1,31,1
98947,6,,2
98950,2,,2
98965,5,2428,1
99115,9,256,1
99115,7,,2
99142,1,,2
99177,10,136,1
99328,7,162,1
99328,6,49,1
99328,3,39,1
99374,2,35,1
99438,3,36,1
99645,9,634,1
99669,8,1239,1
99879,7,405,1
99889,5,405,1
99899,5,359,0
100025,3,136,1
100091,6,359,1
100091,4,46,1
100091,3,,2
100105,9,360,0
100108,2,307,1
100108,4,297,1
100114,4,,2
100166,35,291,1
100166,32,271,1
100228,31,270,0
100323,2,217,1
100365,4,26,1
101000,10,1111,0
101132,4,33,0
101218,10,128,1
101218,4,,2
101422,6,125,0
101422,10,125,0
101422,8,143,1
101503,3,112,1
101751,9,107,0
102003,10,113,0
102003,9,118,1
102081,9,57,0
102081,1,107,1
102081,3,,2
102081,4,,2
102081,7,,2
102085,10,72,1
102085,3,,2
102093,5,,2
102108,3,37,0
102110,1,34,1
102110,1,,2
102187,5,349,0
102187,5,155,1
102187,2,38,1
102192,9,,2
102424,8,81,0
102430,1,,2
102493,6,36,0
102577,7,189,0
102577,6,70,1
102577,1,45,1
102577,8,,2
102577,1,,2
102592,5,188,1
102835,6,131,0
102835,9,35,1
102860,3,29,1
102905,10,35,0
102995,8,41,1
102995,6,,2
103118,6,35,0
103174,4,34,0
103174,8,27,1
103201,1,165,1
103435,6,2907,0
103435,7,2429,1
103435,9,,2
103489,2,,2
104011,6,27,1
104055,3,89,1
104331,6,,2
104427,8,35,1
104501,5,168,1
104501,2,,2
104618,2,,2
104646,8,32,1
104716,10,679,0
104716,2,62,1
104722,2,676,1
104950,8,,2
104999,3,156,1
105034,7,,2
105043,9,28,0
105215,7,,2
105244,2,,2
105289,1,38,1
105404,10,24,0
105447,2,483,1
105640,37,3377,1
105640,7,,2
105793,6,1167,1
105793,8,25,1
105838,1,33,0
105914,4,,2
105922,4,124,0
105929,1,,2
106073,10,52,1
106073,6,,2
106803,10,116,1
106823,10,39,1
106825,2,74,1
106831,3,94,1
106833,1,79,1
106842,6,78,1
107022,10,48,1
107274,9,33,1
107344,1,3110,1
107344,4,2393,1
107377,2,,2
107584,6,,2
107834,3,,2
107893,3,,2
107906,9,55,0
108002,7,398,0
108002,8,133,1
108002,6,,2
108054,1,36,1
108055,1,35,0
108185,5,37,1
108195,3,2956,0
108195,2,39,1
108195,10,38,1
108195,5,,2
108195,6,,2
108267,3,2239,1
108427,5,41,1
108635,3,40,0
108725,4,44,0
108946,9,34,1
109111,10,24,1
109336,9,35,1
109399,7,725,0
109426,11,672,1
109426,31,498,1
109448,1,136,1
109466,1,39,0
109802,4,90,0
109922,3,38,0
109927,10,851,1
110172,10,820,0
110172,31,664,0
110197,8,30,0
110197,1,790,1
110247,4,2306,1
110247,2,,2
110299,4,37,0
110407,9,48,0
110715,7,,2
110852,5,87,0
110989,7,40,0
111034,10,187,1
111074,16,184,1
111204,10,503,1
111204,8,114,1
111204,6,85,1
111214,10,84,1
111214,7,84,1
111242,8,,2
111251,2,,2
111251,4,,2
111257,2,410,1
111279,1,268,1
111279,5,40,1
111279,9,39,1
111279,2,39,1
111366,7,40,1
111515,2,51,0
111515,1,417,1
111515,9,,2
111749,5,37,1
111749,9,,2
111749,9,,2
111775,8,353,1
111775,10,26,1
111775,1,,2
111791,1,40,1
111851,1,27,0
111851,5,402,1
111851,6,,2
111851,6,,2
111851,4,,2
111981,9,112,0
111981,5,,2
111981,10,,2
111981,6,,2
112118,4,522,0
112118,1,594,1
112118,6,30,1
112118,2,30,1
112118,5,,2
112173,2,24,1
112226,3,40,1
112298,1,1194,0
112298,1,122,0
112298,4,40,1
112298,2,40,1
112298,8,,2
112320,5,141,1
112371,3,37,0
112411,4,485,0
112411,8,27,0
112411,5,1039,1
112411,1,38,1
112411,8,,2
112686,10,38,0
112691,10,3040,0
112695,2,,2
112742,3,31,1
112797,9,203,0
112797,7,241,1
112797,5,,2
112801,3,39,1
112938,39,226,1
113088,3,315,0
113088,7,224,0
113088,1,334,0
113088,3,152,1
113088,7,,2
113818,10,,2
114250,2,194,0
114250,9,538,1
114250,2,44,1
114250,9,,2
114260,5,,2
114358,4,38,1
114363,9,45,0
114363,10,74,1
114363,10,42,1
114381,3,,2
114384,1,396,0
114504,4,44,0
114518,9,41,1
114574,7,1023,0
114601,5,109,0
114664,3,2860,1
114664,9,62,1
114916,7,35,1
114952,9,346,0
114952,3,812,1
114961,6,40,1
115375,9,,2
115799,8,47,1
115799,2,29,1
115971,8,85,1
115974,1,50,0
115976,1,82,0
116211,5,89,1
116358,6,107,1
116362,2,,2
116382,2,34,1
116425,3,244,1
116575,50,,2
116911,5,52,1
116911,7,,2
116970,2,119,0
117141,9,42,1
117159,9,232,1
117164,1,230,1
117241,17,139,0
117299,4,72,0
117307,4,103,1
117319,8,144,1
117326,5,117,1
117326,2,117,1
117367,9,82,0
117385,1,31,1
117388,1,69,1
117388,2,,2
117588,10,103,1
117630,7,,2
117714,7,33,1
117751,3,30,0
117877,6,,2
117880,4,682,0
117880,2,34,1
117925,7,48,1
117925,1,42,1
117925,2,,2
117925,10,,2
118128,9,36,1
118134,1,42,1
118236,1,138,0
118236,5,,2
118254,6,113,1
118287,22,175,1
118457,4,35,0
118505,8,512,0
118633,3,377,1
118633,2,60,1
118633,5,,2
119123,10,141,0
119159,2,39,1
119273,3,26,0
119399,10,41,1
119399,7,,2
119439,4,124,1
119537,7,1531,0
120145,8,47,1
120301,6,159,0
120357,1,39,1
120437,1,51,0
120437,5,,2
120577,5,394,1
120675,7,127,1
120715,4,222,1
120715,4,,2
120719,2,31,1
121679,40,,2
121731,2,,2
121739,1,76,0
121747,1,57,1
121811,2,228,0
121811,8,,2
121891,40,,2
121971,10,36,0
122011,5,,2
122031,2,1032,0
122031,2,,2
122031,2,,2
122043,3,36,0
122179,4,,2
122199,10,48,1
122263,8,,2
122311,12,212,0
122621,5,28,1
122657,6,37,1
122685,8,284,0
122685,7,156,1
122685,5,92,1
122693,2,94,0
122733,10,89,1
122749,4,63,1
123109,10,41,0
123229,5,123,1
123293,4,87,1
123309,10,86,0
123309,8,,2
123325,8,,2
123357,8,30,1
123357,8,,2
123375,9,172,0
123471,4,121,1
123471,8,77,1
123653,3,65,0
123653,7,,2
123693,2,,2
123709,2,31,1
123869,5,,2
123941,6,262,0
124035,47,254,0
124161,3,90,0
124231,5,36,1
124385,7,,2
124421,2,1425,1
124439,3,1368,1
124455,8,357,0
124575,5,400,1
124575,2,207,1
124639,32,204,1
124683,2,113,1
124689,1,88,1
124755,1,202,1
124765,5,36,0
124989,8,35,1
125101,4,41,1
125261,10,57,0
125453,4,34,1
125471,9,159,0
125521,5,,2
125575,9,,2
125615,4,136,1
125639,3,,2
125643,1,37,1
126083,10,,2
126099,4,210,1
126099,1,,2
126139,10,76,1
126147,1,88,1
126187,10,84,0
126411,7,52,1
126531,4,32,1
126691,5,49,0
126691,5,35,0
126691,8,,2
126707,8,,2
126723,4,36,1
126743,5,25,0
126759,4,,2
126775,8,,2
126791,8,36,1
126795,1,32,0
126819,3,36,1
126843,6,35,1
126847,2,,2
126877,5,,2
126941,4,61,1
126941,8,,2
127061,10,24,1
127075,7,28,0
127099,4,,2
127099,3,,2
127127,7,64,0
127127,1,32,0
127187,6,30,0
127197,5,33,0
127239,3,30,1
127623,9,1558,1
127623,8,,2
127763,7,32,1
127787,6,1059,1
127797,5,728,1
127941,3,347,1
128061,5,332,1
128061,8,313,1
128189,8,61,1
128193,6,373,0
128193,2,44,1
128253,2,1479,0
128253,5,38,0
128253,10,283,1
128253,9,40,1
128289,9,1476,0
128297,2,594,0
128387,5,108,1
128387,7,43,1
128387,9,42,1
128507,5,659,1
128521,1,43,1
128661,10,231,1
128681,10,216,1
128967,13,102,0
128987,10,30,1
129155,7,52,1
129161,1,32,1
129521,9,,2
130033,8,32,0
130113,1,45,0
130113,10,125,1
130113,9,118,1
130373,10,,2
130415,7,38,1
130511,6,33,1
130911,8,,2
131271,10,32,1
131895,6,453,0
132095,10,62,1
132105,5,,2
132115,1,63,1
132115,5,,2
132151,1,91,1
132259,4,1045,0
132259,7,41,0
132259,9,446,1
132259,10,399,1
132259,8,212,1
132259,1,122,1
132295,9,340,1
132631,14,169,1
132649,9,,2
132697,8,,2
132753,4,43,0
132767,1,945,1
132767,10,83,1
132767,7,,2
132783,4,80,0
132963,9,,2
133023,3,47,0
133079,7,374,1
133111,8,373,0
133111,1,368,0
133135,4,37,0
133141,1,34,0
133211,7,958,1
133287,2,32,1
133943,8,28,0
133973,3,120,1
133973,3,47,1
133973,1,,2
134141,4,34,0
134421,5,28,1
134493,3,1091,1
134565,6,,2
134705,10,320,0
134705,8,52,0
134875,5,,2
134973,7,,2
135123,5,37,0
135263,10,,2
135275,2,544,0
135323,2,817,1
135323,8,239,1
135347,6,,2
135539,8,,2
135759,10,483,1
135791,12,128,0
135791,8,430,1
135831,4,35,0
135911,8,,2
136171,10,290,1
136175,1,26,0
136195,10,,2
136207,6,,2
136889,31,415,1
136889,10,33,1
136961,3,2538,1
136961,3,38,1
136969,4,,2
137225,8,307,1
137305,10,,2
137539,9,33,1
137611,9,33,1
137635,1,1873,0
137779,6,136,0
137923,3,92,0
137931,4,91,1
138147,9,54,0
138151,10,98,0
138151,8,53,0
138151,10,157,1
138151,8,141,1
138151,2,84,1
138151,3,59,1
138151,6,54,1
138151,2,,2
138151,7,,2
138161,5,62,1
138187,1,38,1
138187,1,,2
138551,9,261,0
138551,9,35,1
138551,7,,2
138759,8,,2
138867,6,1135,1
138871,2,799,1
138885,7,747,1
138905,3,1737,0
138905,3,241,0
138905,10,27,1
138945,20,,2
139065,5,173,1
139111,1,34,0
139127,9,34,0
139127,4,33,1
139149,4,64,1
139149,1,,2
139165,1,,2
139197,4,149,1
139207,5,145,1
139267,10,,2
139427,10,252,1
139715,2,212,0
139715,6,288,1
139715,10,255,1
139733,9,287,1
139733,7,204,1
139751,3,42,1
139787,9,725,1
139787,4,45,1
139803,2,42,1
139815,8,2248,0
139815,12,98,0
139815,7,217,1
139815,2,50,1
139815,3,,2
139899,10,303,0
139899,4,211,1
139899,8,50,1
139899,3,,2
139899,2,,2
139927,7,196,0
139927,13,127,0
140197,9,59,0
140273,2,395,1
140521,4,48,0
140581,6,45,1
140597,4,45,0
140657,10,41,0
140693,6,41,1
140747,9,,2
140771,4,,2
140795,3,45,1
140895,10,51,0
140895,8,41,0
140901,3,301,0
140907,3,48,1
140947,10,552,1
140975,7,,2
140983,4,367,1
141287,7,1863,1
141287,8,,2
141609,7,,2
141621,6,,2
141621,2,,2
141645,10,315,0
141645,6,288,1
141645,4,34,1
141661,31,296,1
141661,31,272,1
141661,4,,2
141661,7,,2
141661,7,,2
141685,2,27,1
141685,4,,2
141685,8,,2
141685,1,,2
141697,2,29,1
141727,5,254,0
141755,2,,2
141763,2,389,1
141907,36,318,1
141923,4,146,0
141923,4,93,1
141959,3,3555,1
141977,9,2830,0
141987,5,2512,1
142037,7,1785,1
142037,5,149,1
142037,5,78,1
142037,4,63,1
142037,5,,2
142073,9,,2
142227,7,97,0
142383,10,137,0
142383,7,82,1
142383,6,,2
142521,3,151,1
142533,6,151,0
142549,6,148,1
142549,8,,2
142549,4,,2
142557,10,88,1
142557,4,,2
142563,3,40,1
142579,2,39,1
142669,5,,2
142669,7,,2
142697,7,37,0
142737,10,29,1
142753,4,37,1
142769,8,28,0
142785,8,33,1
142789,1,36,1
142795,3,,2
142799,2,104,1
142835,9,103,1
142837,1,34,1
142841,2,,2
142889,4,45,1
142929,10,,2
142947,9,28,1
142965,9,39,0
142989,3,40,1
143001,3,,2
143055,9,36,1
143067,6,295,1
143077,5,25,1
143119,1,33,0
143119,7,35,1
143239,10,,2
143293,42,241,0
143293,9,264,1
143321,7,,2
143375,9,55,1
143455,5,,2
143471,8,45,1
143481,3,46,1
143481,5,,2
143481,4,,2
143643,9,182,1
143643,2,154,1
143657,3,153,1
143657,6,153,1
143657,7,,2
143693,6,,2
143693,5,,2
143749,4,,2
143973,7,42,1
143993,4,196,0
143993,10,35,1
144185,6,175,0
144185,8,,2
144205,5,,2
144433,6,47,0
144473,1,37,0
144473,5,,2
144569,10,327,0
144569,8,51,0
144569,4,583,1
144569,1,132,1
144725,6,,2
144809,7,243,1
144995,3,,2
144995,9,,2
145035,10,244,0
145035,10,,2
145427,7,48,1
145721,7,237,1
145761,10,,2
145809,8,131,1
145813,2,122,1
145817,1,126,1
145993,8,,2
146265,8,53,1
146541,6,28,1
146631,9,131,0
146631,7,2751,1
146631,3,140,1
146631,3,45,1
146631,3,,2
146651,5,35,1
146675,6,221,0
146679,1,36,0
147243,2,176,0
147243,47,1306,1
147383,5,,2
147419,18,192,1
147539,10,,2
147587,4,86,1
147615,7,81,1
147619,2,,2
147627,4,31,1
147771,9,61,0
147791,6,58,0
147791,5,54,1
148001,7,141,0
148121,10,,2
148137,8,94,1
148153,4,93,0
148593,5,39,0
148593,10,40,1
148653,2,,2
148797,9,135,1
148821,1,,2
148833,2,,2
149001,8,139,0
149001,7,141,1
149001,7,114,1
149685,5,1639,0
149685,9,,2
149713,7,1394,0
149713,7,88,1
149713,3,87,1
149731,3,73,1
149733,1,96,1
149733,8,70,1
149751,9,71,1
149835,9,324,0
149835,7,124,1
149835,3,74,1
149843,4,,2
149997,7,,2
150221,8,,2
150281,2,27,1
150289,2,33,0
150309,10,,2
150349,10,33,0
150361,6,33,1
150381,5,59,1
150381,10,24,1
150397,8,34,1
150401,4,57,1
150401,2,,2
150443,7,40,1
150445,1,34,0
150485,5,,2
150517,8,25,1
150523,7,55,1
150523,3,,2
150523,9,,2
150543,8,206,0
150543,5,,2
150567,3,25,0
150575,2,37,1
150611,9,25,1
150635,3,37,0
150659,3,36,1
150723,8,,2
150723,6,,2
150763,10,43,0
151003,2,179,1
151003,8,,2
151243,10,34,1
151251,4,2080,0
151251,6,561,0
151335,7,658,1
151475,8,41,1
151475,5,36,1
151475,10,,2
151499,3,52,1
151579,5,41,1
151605,7,1491,0
151605,2,133,0
151605,1,1347,1
151605,1,955,1
151605,1,,2
151617,6,953,1
151837,5,1447,0
151837,8,1426,0
151837,9,1318,0
151837,10,,2
151921,6,30,1
151945,2,91,1
151965,3,90,0
151965,10,90,1
151969,2,36,1
152013,1,,2
152027,7,802,1
152687,5,966,1
152687,5,270,1
152687,30,,2
152727,10,,2
152727,30,,2
152741,7,41,1
153035,7,,2
153035,3,,2
153227,13,121,0
153227,8,210,1
153395,6,397,0
153403,4,391,1
153405,1,41,0
153495,5,42,1
153511,8,277,1
153517,3,40,1
153527,5,272,0
153547,1,313,1
153559,3,296,0
153713,7,,2
153953,10,313,1
153953,8,256,1
153977,3,255,1
153977,6,,2
154031,9,42,1
154191,10,224,1
154359,3,145,1
154359,7,,2
154619,5,,2
155359,10,,2
155373,7,,2
155415,7,35,1
155439,2,35,1
155481,7,48,1
155697,6,43,0
155763,1,60,1
155767,4,74,1
155767,2,34,1
155767,2,,2
155781,7,71,1
155981,5,142,0
155981,5,160,1
156029,2,1469,1
156029,10,591,1
156185,6,102,0
156189,2,98,1
156387,9,85,1
156389,1,36,1
156789,8,527,1
156789,5,80,1
156829,4,527,0
156829,10,,2
156829,2,,2
157029,10,240,0
157113,21,237,0
157137,3,28,1
157153,2,40,0
157243,3,1137,1
157321,39,291,1
157347,1,,2
157697,7,44,1
157717,5,26,1
157977,10,,2
157983,1,306,1
158071,4,32,1
158179,6,269,0
158239,10,112,0
159159,10,,2
159213,9,,2
159219,1,373,1
159219,6,58,1
159261,8,51,0
159261,3,760,1
159261,10,189,1
159261,9,49,1
159301,10,,2
159441,3,113,0
159441,7,,2
159513,9,38,0
159547,1,38,1
159635,4,114,1
159649,7,38,1
159685,3,1731,1
159685,6,,2
159761,1,26,1
159995,9,542,1
160229,7,86,1
160229,9,,2
160229,10,,2
160629,8,1623,1
160785,3,33,1
160849,4,,2
160861,3,39,1
160865,2,35,1
160873,2,40,1
160881,4,40,1
160909,7,,2
160979,7,28,0
161029,5,26,1
161043,2,35,0
161043,7,175,1
161331,36,169,1
161373,3,36,1
161381,4,35,1
161421,3,32,0
161421,10,,2
161425,1,34,1
161425,1,34,1
161437,1,31,0
161437,3,26,1
161455,9,37,0
161479,6,266,0
161551,6,31,1
162031,10,45,1
162071,10,,2
162083,6,85,0
162137,8,52,1
162137,9,,2
162137,1,,2
162177,10,,2
162211,1,27,1
162223,2,,2
162253,5,1007,1
162349,8,41,0
162421,9,,2
162881,10,559,1
162881,10,,2
162911,3,2956,1
162911,8,118,1
162991,5,41,0
163061,10,53,0
163061,7,86,1
163253,8,,2
163269,4,40,0
163489,5,,2
163509,1,54,0
163533,3,761,1
163533,5,192,1
163557,1,862,0
163653,4,175,1
163653,10,33,1
163803,5,28,1
164033,5,114,0
164033,5,54,1
164077,11,104,1
164149,3,94,1
164365,9,,2
164389,6,116,0
164545,6,2771,1
164761,6,399,0
164761,3,127,0
164761,7,404,1
164761,9,,2
164761,6,,2
164901,7,29,0
165639,4,773,1
165639,1,391,1
165639,9,,2
165651,7,326,0
165651,3,771,1
165667,1,,2
165755,22,163,1
165937,6,299,0
165937,7,38,1
165977,10,281,0
166301,6,,2
166329,2,39,0
166339,2,41,1
166339,5,,2
166435,7,34,1
166435,4,,2
166461,1,32,1
166511,5,43,1
166523,3,29,1
166553,1,30,0
166609,2,94,0
166649,10,377,0
166669,22,134,1
166669,10,,2
166669,7,,2
166805,2,72,1
166817,5,68,1
166817,6,,2
166817,1,,2
166819,1,34,1
167079,10,96,1
167131,1,40,1
167391,10,,2
167443,2,2489,1
167479,1,42,1
167851,6,228,1
167891,20,,2
167971,8,295,0
168003,8,,2
168019,2,140,0
168047,7,138,0
168587,10,,2
168895,7,41,1
168915,10,209,0
168931,8,35,0
169451,10,43,1
170071,10,33,0
170083,2,2285,1
170089,3,51,1
170129,7,2281,0
170129,10,1129,1
170753,8,37,1
170889,7,32,1
170889,4,,2
171105,3,,2
171153,8,48,1
171387,3,124,1
171387,1,48,1
171453,1,41,1
171485,4,,2
171489,2,,2
171609,6,265,1
172149,5,,2
172165,8,51,1
172165,9,29,1
172169,1,377,0
172281,3,58,0
172281,7,71,1
172281,10,48,1
172281,7,,2
172281,5,,2
172281,8,,2
172435,7,44,1
172449,7,207,0
172505,7,,2
172745,30,161,1
172769,3,,2
172829,2,,2
172843,1,37,1
172983,10,107,1
172995,6,439,0
173013,9,68,1
173025,6,,2
173073,4,57,1
173223,3,34,1
173421,9,,2
173443,11,130,1
173573,5,,2
173833,10,,2
173933,2,241,1
173993,5,35,1
174041,4,37,1
174257,6,28,0
174577,5,,2
174617,10,,2
174873,8,91,0
174985,8,96,0
174985,8,136,1
175003,9,105,1
175003,6,86,1
175113,5,,2
175321,3,215,0
175321,7,735,1
175321,5,698,1
175321,7,487,1
175321,8,,2
175441,10,236,1
175453,2,229,1
175493,2,27,1
175493,10,,2
175507,7,,2
175591,3,35,1
175601,5,39,1
175727,1,43,1
175727,7,,2
175895,5,662,1
175895,6,422,1
175895,6,,2
175955,7,460,0
175955,6,415,1
175961,1,,2
176257,37,429,1
176411,7,,2
176427,8,29,0
176841,9,585,1
176841,5,31,1
176855,7,585,0
176855,2,218,0
176895,10,,2
176895,10,,2
176895,20,,2
177011,2,40,1
177123,8,48,1
177137,8,172,0
177137,7,200,1
177183,23,197,1
177603,4,2387,0
177603,6,365,0
177603,6,,2
177795,8,138,1
178179,10,425,1
178179,3,308,1
178179,8,,2
178279,25,305,0
178279,4,79,0
178405,9,39,0
178435,5,,2
178455,3,1965,0
178455,5,323,0
178455,10,44,1
178615,40,,2
179119,9,25,0
179143,2,,2
179559,16,2246,1
179577,3,40,1
179607,5,305,1
179667,3,40,1
179811,5,234,0
179811,8,,2
179847,2,217,0
179847,9,232,1
180243,9,,2
180261,3,2329,1
180317,7,37,0
180325,10,35,0
180325,10,57,1
180325,4,,2
180395,31,460,1
180395,4,31,1
180395,7,,2
180661,7,,2
180709,8,,2
180781,4,2277,1
180785,2,2273,1
180825,4,,2
180835,5,,2
180943,6,31,1
181111,7,,2
181115,6,135,1
181115,4,98,1
181115,1,,2
181817,9,88,0
181971,7,,2
182027,4,,2
182029,7,214,0
182029,2,3203,1
182029,1,,2
182029,2,,2
182039,2,31,0
182039,1,76,1
182039,6,48,1
182099,1,35,1
182621,9,3248,1
182621,8,135,1
182621,8,50,1
182751,5,3575,1
182751,9,343,1
182751,1,290,1
183201,9,30,0
183369,7,3152,1
183373,1,115,1
183379,10,110,1
183379,1,,2
183451,12,96,1
183501,5,49,1
183901,8,94,1
184033,3,32,0
184047,3,40,1
184047,7,,2
184053,8,117,0
184053,5,433,1
184053,3,,2
184053,5,,2
184183,10,207,1
184183,9,79,1
184183,5,,2
184239,4,,2
184359,5,88,0
184359,10,55,1
184359,5,39,1
184367,1,47,1
184439,6,35,1
184447,2,,2
184527,5,94,1
184567,5,27,1
184871,8,40,1
184943,6,3228,1
184943,10,227,1
185027,4,321,0
185027,7,34,0
185027,3,,2
185187,40,,2
185275,2,275,0
185355,8,367,0
185387,8,401,1
185387,2,368,1
185697,5,30,0
185837,10,,2
185841,2,,2
185845,2,316,1
185845,2,303,1
186049,8,291,0
186049,34,284,1
186129,40,,2
186177,3,,2
186185,2,296,1
186345,2,3113,1
186345,40,,2
186383,19,3086,1
186427,2,462,1
186427,10,184,1
186467,10,160,0
186523,4,,2
186603,2,78,1
186603,10,,2
186621,9,,2
186819,6,136,0
186819,2,45,0
186819,9,106,1
187269,9,115,1
187271,1,29,1
187651,1,48,0
187651,10,37,1
187751,10,2056,1
187751,10,788,1
187751,5,27,1
188051,5,33,1
188339,10,1991,1
188339,4,73,1
188339,8,,2
188359,7,61,1
188359,10,,2
188365,1,42,1
188461,9,36,1
188461,3,34,1
188461,6,,2
188481,2,54,1
188503,1,34,1
188511,2,398,1
188527,5,680,0
188527,8,56,0
188527,1,360,1
188527,4,51,1
188539,3,675,1
188635,5,251,0
188635,4,219,1
188825,5,,2
188945,6,29,1
189041,6,134,1
189053,6,38,0
189065,3,41,1
189201,2,47,1
189345,6,71,0
189369,6,70,1
189457,6,129,1
189457,6,47,1
189457,4,,2
189691,9,612,1
189699,1,38,1
189861,5,209,1
189861,9,,2
189889,5,204,0
189889,14,127,1
189889,4,78,1
190303,9,28,1
190563,5,299,0
190589,10,60,0
190589,1,1407,1
190709,5,498,1
190709,6,38,1
190737,2,37,1
190961,7,,2
190977,4,200,1
191031,3,30,1
191037,1,296,1
191037,3,187,1
191109,4,220,1
191169,10,41,1
191169,8,33,1
191209,10,1321,0
191213,2,,2
191257,2,253,1
191289,8,238,1
191289,14,138,1
191319,5,34,1
191379,6,41,1
191679,6,,2
191719,4,265,0
191719,7,300,1
191719,10,273,1
191719,10,,2
191789,7,,2
191873,6,,2
192169,9,194,1
192169,4,,2
192169,7,,2
192369,50,190,1
192369,34,179,1
192379,5,39,0
192419,2,127,0
192419,9,120,1
192419,3,90,1
192419,3,44,1
192419,2,,2
192499,20,,2
192571,20,74,0
192571,3,75,1
192587,8,32,1
192713,7,31,1
193025,6,89,1
193025,8,40,1
193061,9,,2
193097,2,89,1
193099,6,206,1
193099,1,85,1
193099,2,64,1
193099,1,,2
193129,1,48,1
193177,6,,2
193377,10,83,0
193377,5,83,1
193407,5,83,1
193407,9,83,1
193527,6,,2
193671,6,296,1
193687,8,206,1
193687,3,53,1
193707,10,,2
193883,8,,2
193909,1,96,1
193909,6,92,1
193949,5,,2
194093,8,240,1
194125,8,216,1
194125,14,119,1
194225,10,,2
194241,4,42,0
194269,7,576,1
194273,1,,2
194273,10,,2
194277,2,39,0
194307,3,613,0
194391,8,41,0
194391,1,41,0
194391,5,41,1
194391,6,,2
194751,10,42,1
194891,5,115,1
194891,10,,2
194891,6,,2
194895,7,102,0
194895,2,111,1
194917,1,,2
194917,6,,2
194989,4,26,0
195013,2,39,1
195277,6,,2
195301,1,1022,1
195301,7,100,1
195301,4,56,1
195301,1,,2
195301,9,,2
195421,12,950,0
195421,12,729,1
195421,31,692,1
195421,30,,2
195493,9,26,1
195989,8,142,1
196169,10,,2
196209,5,32,1
196305,4,113,1
196305,10,31,1
196513,8,26,1
196769,8,29,1
196799,3,39,1
197079,4,30,0
197163,7,344,0
197259,4,194,1
197259,4,39,1
197675,4,292,1
197675,8,,2
197771,10,258,0
197771,5,136,1
197771,5,133,1
197771,8,92,1
197771,4,,2
197771,10,,2
197771,2,,2
197771,6,,2
197969,9,36,1
197983,7,94,1
198003,5,32,1
198069,3,,2
198265,7,40,1
198385,10,184,0
198385,5,165,1
198385,1,29,1
198575,6,63,1
198575,4,43,1
198575,5,,2
198585,5,,2
198593,4,57,1
198609,8,63,0
198973,7,182,0
198973,5,39,0
198983,5,170,0
199061,3,294,1
199061,9,269,1
199181,8,83,0
199181,5,75,1
199201,5,74,1
199361,8,369,1
199491,3,206,0
199491,5,,2
199541,5,51,0
199541,1,304,1
199581,13,148,1
199581,10,,2
199833,2,39,0
199833,9,,2
200033,10,,2
200153,20,,2
200169,8,961,0
200629,5,307,1
200629,10,,2
200821,5,147,0
200821,8,123,1
200893,4,550,0
200917,1,62,0
200917,3,108,1
200937,1,36,1
201001,4,34,1
201017,1,90,1
201087,7,34,1
201111,3,,2
201215,4,77,0
201495,10,62,0
201623,8,,2
201647,6,117,1
201677,7,295,0
201677,4,104,1
201677,5,,2
201679,5,94,1
201679,1,,2
201679,1,,2
201759,5,33,1
201839,10,38,1
201839,9,36,1
201845,5,33,0
201845,3,368,1
202043,9,,2
202171,8,,2
202827,9,96,0
202827,6,312,1
202827,10,35,1
202827,8,,2
202839,6,,2
202949,8,127,0
202949,5,278,1
202949,5,250,1
202973,6,39,1
203239,7,77,1
203263,2,596,1
203407,8,42,1
203407,7,30,1
203589,7,43,0
203893,4,67,1
203893,4,,2
203893,1,,2
203923,3,35,0
203999,8,120,1
203999,2,,2
204029,5,33,1
204065,2,103,0
204073,2,97,1
204333,10,,2
204405,3,,2
204423,9,85,1
204443,5,58,0
204443,10,,2
204623,9,126,1
204707,6,,2
204803,8,59,1
204807,6,58,0
204807,2,58,1
204959,4,35,0
205127,6,37,0
205127,4,602,1
205211,8,67,0
205211,7,54,1
205211,1,43,1
205211,6,,2
205283,4,35,1
205293,1,,2
205349,4,41,0
205419,6,43,0
205419,7,198,1
205451,4,,2
205493,6,100,0
205493,1,,2
205501,2,34,1
205567,1,,2
205579,1,37,0
205597,1,48,1
205837,10,90,1
205837,10,45,1
205879,7,85,1
205879,2,83,1
205893,1,37,1
205947,9,901,1
205971,1,,2
206295,6,,2
206323,1,,2
206383,3,69,1
206385,1,202,1
206405,10,,2
206495,9,,2
206795,5,364,1
206993,9,36,0
207001,2,,2
207169,7,192,1
207301,6,34,0
207623,7,55,0
207653,5,41,0
207667,6,350,0
207667,7,305,1
207667,10,41,1
207739,10,46,0
207739,2,41,0
207739,3,2197,1
207955,9,,2
208115,10,32,0
208185,7,98,1
208225,20,,2
208269,2,,2
208287,9,201,0
208395,9,,2
208409,1,,2
208439,5,259,0
208499,10,110,1
208519,2,2124,0
208551,8,1220,1
208575,6,37,1
208755,6,33,1
208815,6,,2
208895,9,90,0
208895,8,59,1
208897,5,66,0
208897,1,65,1
208917,10,60,1
209001,6,50,0
209001,7,,2
209121,3,33,0
209569,5,372,0
209569,4,,2
209665,3,,2
209681,4,40,0
210041,3,191,0
210041,10,2323,1
210101,6,385,1
210117,4,,2
210551,7,273,1
210551,8,124,1
211535,41,242,1
211735,8,36,0
211735,5,34,1
211747,6,267,0
211795,8,126,1
211801,3,41,1
211985,1,192,0
211985,4,,2
212057,4,30,1
212435,9,36,0
212485,5,,2
212521,1,265,0
212521,9,78,1
212521,5,76,1
212631,5,124,1
212691,10,,2
212771,5,,2
212955,4,1218,1
212979,6,127,1
213051,3,87,1
213051,2,55,1
213243,8,175,1
213435,8,,2
213451,2,34,0
213631,7,33,1
213631,10,,2
213775,6,319,1
213791,4,,2
213991,10,51,1
214085,1,,2
214091,3,142,0
214109,9,235,1
214127,1,32,1
214519,7,,2
214611,2,69,1
214627,4,67,1
214771,9,52,0
214795,6,40,1
214859,4,2124,1
214873,7,33,0
214977,4,,2
215137,10,,2
215193,7,44,1
215205,6,383,0
215277,9,45,1
215277,9,33,1
215283,3,35,0
215371,4,,2
215407,9,72,0
215587,1,229,0
215587,9,66,1
215673,43,225,0
215743,7,36,1
215851,7,167,0
215851,9,,2
215851,2,,2
215877,7,45,0
215877,1,972,1
215877,8,132,1
215877,7,55,1
215919,3,33,1
216015,8,192,0
216169,7,2008,1
216173,1,53,0
216173,2,200,1
216173,7,58,1
216341,42,190,0
216473,6,103,0
216493,5,101,1
216493,7,100,1
216593,5,206,1
216593,9,206,1
216593,1,169,1
216593,1,96,1
216657,8,182,1
216657,2,94,1
216777,6,221,1
216777,9,190,1
216797,5,239,1
216857,5,415,0
216857,10,291,1
216857,3,,2
217161,38,425,0
217161,12,319,0
217203,7,,2
217243,6,199,0
217243,5,134,0
217243,2,238,1
217243,4,,2
217291,4,151,0
217291,6,235,1
217291,49,222,1
217291,3,218,1
217339,3,831,0
217339,4,422,1
217339,3,,2
217423,14,452,1
217483,6,,2
217491,2,,2
217511,10,167,0
217531,8,671,1
217531,4,422,1
217531,10,,2
217531,20,,2
217547,8,161,0
217587,14,438,1
217587,10,,2
217587,6,,2
217621,17,122,1
217645,6,,2
217741,6,680,1
217861,5,175,1
217861,10,175,1
217915,9,187,1
217915,11,184,1
218035,6,766,1
218071,9,665,1
218077,9,108,0
218077,8,110,1
218077,3,,2
218077,9,,2
218137,10,36,1
218263,9,251,0
218263,9,276,1
218263,9,245,1
218263,2,191,1
218281,7,242,1
218281,3,,2
218281,6,,2
218371,5,39,1
218387,6,215,0
218387,9,583,1
218387,9,456,1
218387,4,,2
218405,3,141,1
218725,20,,2
218739,1,32,1
218779,5,172,1
218803,4,170,0
218883,20,,2
219027,9,,2
219123,4,517,1
219123,1,390,1
219123,6,110,1
219123,6,39,1
219125,35,406,0
219125,1,389,1
219125,1,389,1
219129,2,38,1
219177,1,,2
219185,2,37,1
219199,7,370,1
219217,3,44,1
219287,8,135,1
219287,5,,2
219287,9,,2
219303,4,103,1
219559,8,593,0
219679,10,102,1
219719,5,37,1
219791,43,115,1
219791,4,,2
219959,42,168,0
220091,6,,2
220103,6,27,1
220117,7,,2
220137,8,148,0
220137,1,447,1
220137,6,54,1
220167,10,443,0
220167,3,52,0
220167,5,31,1
220347,9,,2
220425,3,259,1
220425,4,121,1
220465,9,246,1
220465,10,,2
220585,1,138,0
220585,6,362,1
220585,6,,2
220585,8,,2
220609,6,362,0
220709,5,2507,1
220765,7,315,1
220765,4,297,1
220765,2,,2
220793,14,319,1
220969,8,378,1
220969,9,62,1
220969,8,51,1
221169,50,,2
221249,5,73,0
221249,4,203,1
221249,7,157,1
221249,1,156,1
221249,4,,2
221273,10,142,0
221273,5,70,0
221273,6,201,1
221273,5,151,1
221317,2,38,0
221431,3,,2
221551,10,783,1
221551,4,375,1
221551,3,234,1
221563,2,387,0
221563,4,223,0
221563,2,230,1
221977,3,39,0
221977,9,306,1
221989,2,329,1
222029,9,2557,0
222029,2,66,1
222033,2,61,1
222173,7,106,1
222173,3,26,1
222197,6,,2
222277,8,42,0
222287,5,,2
222337,31,482,1
222337,5,213,1
222337,2,48,1
222337,5,,2
222363,1,,2
222513,5,45,0
222881,8,,2
222929,8,149,1
222941,3,33,1
222977,2,162,0
222977,7,156,1
222977,8,136,1
222977,3,,2
222983,9,95,0
222983,10,37,1
222983,1,,2
223163,10,161,0
223607,6,158,1
223607,7,63,1
223615,8,357,1
223615,9,120,1
223615,9,56,1
223615,4,,2
223671,14,373,1
223869,2,71,0
223869,9,444,1
223869,4,284,1
223869,9,,2
223869,3,,2
223881,2,281,0
224007,7,,2
224007,5,,2
224077,7,29,0
224105,7,,2
224511,7,1180,1
224519,4,,2
224523,2,800,0
224627,4,167,1
224627,9,38,1
224667,10,134,0
225107,10,137,1
225227,20,,2
225353,9,,2
225373,5,,2
225399,1,89,1
225639,1,195,1
225639,10,,2
225699,15,185,0
225765,3,,2
225765,10,,2
225777,2,126,1
225917,1,258,1
225917,6,147,1
225917,7,,2
225997,20,,2
225997,8,,2
226117,10,30,1
226131,7,636,0
226179,8,78,0
226179,9,49,0
226179,6,194,1
226179,5,126,1
226179,9,79,1
226227,2,3346,1
226227,3,68,1
226227,2,,2
226227,7,,2
226237,1,31,0
226243,3,35,1
226271,7,35,1
226287,2,804,1
226287,2,,2
226347,10,822,1
226527,10,,2
226539,2,,2
226559,5,38,0
226939,10,46,1
226947,4,,2
226959,3,173,0
226973,7,90,1
227001,2,36,1
227121,16,3550,1
227121,17,3247,1
227121,20,,2
227217,15,3596,1
227217,7,136,1
227217,4,,2
227377,40,,2
227697,15,3434,0
227697,3,3235,0
227697,16,3514,1
227697,2,210,1
227697,8,161,1
227709,2,183,0
227713,2,,2
227833,8,3210,1
227833,6,,2
227837,2,369,0
227849,6,333,1
227849,13,271,1
227855,3,,2
228295,9,386,0
228295,2,72,1
228295,10,,2
228351,14,184,0
228371,5,,2
228375,2,312,1
228437,31,280,1
228557,6,287,0
228557,10,,2
228557,2,,2
228557,8,,2
228567,5,302,1
228587,4,138,1
228587,2,87,1
228587,10,,2
228587,6,,2
228735,6,297,0
228735,37,265,1
228765,15,297,1
228781,1,,2
228837,7,40,0
229029,12,548,1
229077,1,307,0
229113,9,284,1
229145,8,3522,1
229149,7,2486,0
229149,2,2803,1
229185,9,32,1
229423,7,150,0
229451,7,,2
229481,15,140,1
229521,2,,2
229689,8,169,1
229689,7,,2
229689,4,,2
229749,15,160,1
229929,9,,2
229939,5,122,0
229939,5,,2
230251,12,136,1
230371,5,203,1
230407,9,190,1
230487,9,52,0
230487,5,26,1
230489,1,76,1
230509,10,117,1
230509,2,57,1
230527,3,113,0
230527,6,72,1
230527,5,47,1
230527,9,,2
230567,4,359,1
230679,4,278,0
230679,6,197,0
230679,7,98,1
230679,7,59,1
230679,3,47,1
230839,4,299,1
230839,8,42,1
230839,40,,2
230993,8,506,0
230993,7,304,1
231257,11,288,1
231297,10,30,1
231477,10,265,1
231493,8,385,0
231727,9,251,1
231735,4,261,1
231889,7,560,1
232029,5,218,1
232041,3,217,1
232057,4,,2
232197,10,306,1
232211,7,418,1
232259,6,351,0
232259,12,295,1
232441,7,33,1
232465,6,,2
232535,5,,2
232559,12,354,1
232799,9,272,0
232799,10,1026,1
232799,2,161,1
232799,5,48,1
232859,4,155,0
232859,10,1022,1
232859,2,286,1
233107,2,33,1
233209,3,1608,1
233209,5,160,1
233875,9,111,0
234127,4,1532,1
234127,4,94,1
234127,9,,2
234127,10,,2
234135,4,,2
234139,10,424,0
234139,2,1529,1
234259,4,283,0
234259,6,28,1
234475,9,38,1
234523,2,216,1
234531,2,95,1
234535,2,94,1
234579,2,166,0
234611,8,162,1
234623,3,32,1
234633,5,158,1
234681,3,281,1
234681,3,153,1
234825,4,267,0
234825,36,202,1
234825,4,134,1
234945,6,,2
234987,7,285,1
234987,6,41,1
235043,4,35,1
235067,6,,2
235481,9,37,1
235581,2,249,0
235677,8,282,1
235677,2,234,1
235677,4,,2
235701,4,282,0
235701,14,235,0
235953,7,39,0
235977,10,65,0
235977,4,97,1
236001,4,92,1
236019,1,34,1
236039,10,,2
236063,12,247,1
236155,2,,2
236173,9,1143,0
236203,3,71,1
236205,1,92,1
236205,7,73,1
236205,7,70,1
236285,10,,2
236305,10,128,1
236459,7,95,1
236467,4,506,1
236467,4,,2
236499,8,130,1
236739,10,,2
236739,7,,2
236757,9,508,1
236887,5,31,0
237087,1,41,1
237087,10,,2
237135,2,265,1
237159,6,261,1
237239,4,285,1
237255,4,282,1
237353,7,29,1
237373,5,30,0
237375,3,117,1
237375,1,,2
237415,10,,2
237415,5,,2
237427,6,,2
237441,7,35,0
237481,5,30,1
237537,7,31,1
237565,7,30,1
237589,3,61,1
237589,4,28,1
237607,2,585,0
237607,9,691,1
237625,9,37,0
237633,4,37,1
237663,1,113,1
237663,6,50,1
237663,8,46,1
237663,4,42,1
237663,5,,2
237669,3,111,1
237669,10,36,1
237681,6,30,1
237761,10,33,1
237761,9,32,1
237761,7,30,1
237791,5,,2
237803,6,,2
237817,7,,2
237831,4,35,0
237831,7,110,1
237867,9,,2
238047,2,1514,0
238047,3,1015,0
238047,9,1492,1
238047,3,1345,1
238047,5,1324,1
238047,6,1293,1
238047,5,1215,1
238079,8,43,1
238205,9,36,1
238477,8,160,1
238477,8,,2
238675,9,35,0
238681,3,899,1
238681,10,170,1
238863,7,837,1
238863,31,550,1
238885,1,28,1
238893,2,1020,1
238893,1,469,1
238893,8,240,1
238933,10,982,1
238933,10,,2
239637,32,715,1
239637,9,317,1
239897,9,386,0
239897,7,367,1
239897,9,118,1
239897,10,,2
239933,6,350,1
240133,10,464,0
240133,10,563,1
240133,10,387,1
240133,6,100,1
240213,9,598,1
240213,2,461,1
240213,10,,2
240293,9,299,0
240293,3,179,0
240293,9,163,0
240293,5,296,1
240333,2,294,1
240333,5,,2
240381,3,,2
240433,2,58,1
240625,8,129,1
240625,8,48,1
240635,1,26,0
240795,5,29,1
240837,7,85,1
240837,7,,2
241045,10,506,0
241045,5,68,0
241045,8,,2
241175,5,,2
241259,14,649,0
241359,5,140,1
241399,10,,2
241447,6,33,1
241447,4,28,1
241519,10,1740,1
241519,6,,2
241559,10,,2
241679,9,35,0
241679,6,395,1
241679,3,365,1
241733,9,389,1
241913,9,,2
242431,1,536,0
242431,7,,2
242451,5,33,1
242463,6,,2
242643,10,109,1
242673,8,1099,0
242673,1,47,1
242777,10,219,0
242777,4,,2
242789,1,37,1
242837,8,92,1
242837,3,78,1
242845,5,79,1
242845,4,,2
242865,5,99,1
242969,4,460,1
242969,4,37,1
243009,8,385,0
243009,20,,2
243119,5,1833,1
243119,9,423,1
243123,1,,2
243627,7,35,1
243737,5,987,1
243737,2,375,1
243761,12,841,1
243943,7,474,1
243943,7,,2
243995,13,315,1
244195,10,107,1
244195,7,82,1
244195,10,,2
244315,20,,2
244315,7,,2
244315,3,,2
244335,1,322,1
244335,10,102,1
244375,9,96,0
244375,15,120,1
244375,10,,2
244375,8,,2
244519,2,,2
244639,5,153,1
244681,7,,2
244721,6,2511,0
244721,2,,2
244733,3,849,1
244845,7,,2
244957,7,,2
245149,8,,2
245233,6,224,1
245257,6,245,1
245457,1,357,0
245457,10,398,1
245469,3,416,1
245487,1,29,0
245497,5,,2
245515,3,223,0
245515,3,317,1
245523,2,56,1
245583,10,427,1
245601,3,,2
245603,3,39,0
245603,1,40,1
245811,8,850,1
245811,5,54,1
245863,2,41,1
245951,4,,2
246047,4,653,1
246145,7,,2
246161,4,36,1
246201,7,666,0
246201,4,336,1
246217,8,,2
246227,5,332,0
246231,1,325,1
246251,10,125,0
246279,2,1843,1
246287,4,237,1
246287,8,134,1
246447,10,159,1
246447,40,,2
246467,7,109,1
246467,1,,2
246467,8,,2
246507,10,,2
246603,8,,2
246627,3,99,1
246717,5,30,1
246731,7,600,0
246735,4,55,0
246735,10,27,1
246735,1,,2
247185,9,651,0
247237,13,648,1
247489,3,33,1
247549,3,156,1
247549,2,,2
247589,10,154,1
247649,3,829,0
247809,10,2767,1
247811,1,,2
247871,10,465,1
247873,1,133,1
247915,7,157,1
247951,2,108,0
247967,8,483,1
247967,1,70,1
247967,3,67,1
247979,6,61,1
247983,2,482,1
248043,10,177,0
248043,3,696,1
248091,8,570,1
248099,1,88,1
248219,10,144,1
248255,9,169,1
248293,1,32,1
248329,6,848,1
248389,10,859,1
248391,1,36,1
248409,9,38,1
248429,5,33,1
248433,2,626,0
248439,1,,2
248519,3,76,0
248519,1,67,1
248519,7,56,1
248519,20,,2
248519,3,,2
248597,3,99,0
248621,6,96,1
248701,10,44,1
248813,8,358,1
249005,8,35,0
249021,7,134,0
249021,8,364,1
249063,3,36,1
249111,4,2170,1
249139,7,,2
249209,7,99,1
249249,4,,2
249319,1,409,1
249339,5,406,1
249355,4,36,0
249483,8,171,0
249539,14,165,1
249567,2,40,0
249591,3,270,1
249591,4,136,1
249631,10,267,1
249645,1,142,1
249665,10,168,1
249665,2,136,1
249665,2,,2
249717,13,157,1
249897,9,315,1
249961,8,253,1
250057,8,,2
250135,4,89,0
250135,13,300,1
250191,2,,2
250351,8,59,1
250377,1,277,1
250377,3,130,1
250409,8,117,1
250429,2,442,1
250461,8,422,0
250497,6,760,1
250529,8,734,1
250543,1,,2
250547,2,151,1
250727,6,368,0
250727,2,38,0
251223,8,109,0
251235,2,105,1
251247,3,101,1
251355,9,213,0
251367,2,35,1
251375,2,,2
251411,3,39,0
251443,8,93,0
251451,2,90,1
251459,1,50,0
251495,10,228,1
251495,6,,2
251495,7,,2
251501,14,225,0
251501,9,482,1
251501,1,,2
251521,8,453,0
251521,7,1705,1
251521,9,45,1
251521,1,,2
251665,6,601,0
251665,12,455,0
251725,3,39,1
251845,4,1262,1
251845,10,449,1
251889,2,31,1
251919,5,45,0
251919,3,,2
252047,8,1618,1
252117,7,,2
252125,2,109,0
252173,4,,2
252209,9,372,1
252229,2,113,0
252425,49,108,1
252455,5,34,1
252475,10,1199,1
252515,10,,2
252515,30,,2
252551,6,,2
252593,3,324,1
252629,9,64,1
252645,3,63,0
252645,8,58,1
252645,8,,2
252693,4,,2
252725,5,56,0
252725,4,165,1
252725,2,27,1
252731,3,278,1
252739,4,66,1
252761,11,178,1
252815,3,164,0
252831,4,185,0
252915,6,457,1
252945,4,461,1
252945,3,,2
252953,2,475,0
253033,2,,2
253065,8,433,1
253089,4,455,1
253095,3,71,0
253131,6,,2
253149,9,33,0
253209,8,122,1
253209,6,,2
253249,10,,2
253265,2,90,1
253281,5,78,0
253281,4,187,1
253305,4,,2
253321,8,315,1
253321,5,137,1
253461,10,132,0
253497,9,121,1
253561,9,120,1
253561,8,,2
253669,9,30,1
253741,7,139,1
253741,9,131,1
253741,1,59,1
253741,6,,2
253825,6,33,1
253837,6,418,1
254649,10,27,1
254649,7,,2
254667,9,251,1
254847,10,27,1
254875,7,294,0
254889,7,43,1
255033,9,126,1
255393,9,173,1
255537,9,40,1
255601,8,,2
255641,10,,2
255739,7,105,0
255751,1,1112,0
255751,2,101,1
255779,7,98,1
255795,8,992,0
255813,3,,2
255867,9,589,0
255903,3,33,1
256127,8,,2
256199,6,1011,1
256241,3,268,1
256353,8,251,0
256353,14,127,1
256479,3,50,1
256563,7,30,1
256579,4,37,0
256589,6,34,0
256589,5,,2
256685,3,27,1
256687,1,,2
256783,6,,2
256831,8,109,1
256855,2,105,1
257015,5,132,1
257015,9,54,1
257015,3,36,1
257249,9,63,1
257441,6,,2
257473,2,158,0
257545,3,,2
257705,4,31,0
257777,9,1810,1
257777,5,305,1
257993,9,737,0
258033,10,,2
258039,3,83,0
258099,10,74,1
258147,4,41,1
258149,1,85,0
258245,16,81,1
258325,4,68,1
258385,2,67,0
258385,30,,2
258475,5,191,0
258507,8,237,1
258519,6,,2
258525,3,234,1
258525,11,214,1
258549,6,200,1
258549,9,56,1
258561,2,194,1
258565,2,643,0
258589,5,192,0
258589,6,,2
258613,6,281,1
258613,6,47,1
258781,9,127,1
258781,7,,2
258961,10,43,1
259041,6,242,0
259041,10,,2
259041,4,,2
259093,7,216,0
259093,2,422,1
259093,13,114,1
259253,10,38,0
259283,10,816,1
259283,9,54,1
259283,3,,2
259307,6,81,1
259307,6,66,1
259379,18,73,0
259379,5,27,0
259499,20,,2
259549,5,513,0
259549,6,387,0
259549,10,155,1
259549,4,137,1
259549,5,,2
259549,8,,2
259581,8,,2
259611,7,121,1
259611,8,108,1
259611,5,,2
259625,7,80,1
259633,4,112,1
259673,10,41,0
259737,8,454,1
259737,24,152,1
259773,9,232,1
259833,6,77,1
259893,6,63,1
259965,3,97,1
260005,9,95,1
260005,10,,2
260181,8,71,0
260217,15,62,0
260217,6,,2
260397,3,121,1
260397,9,,2
260425,10,275,0
260425,7,301,1
260529,4,126,1
260589,15,120,1
260733,1,50,1
260733,8,,2
260733,6,,2
260733,3,,2
260733,1,,2
260809,2,,2
260841,4,35,0
260921,1,32,0
260921,10,,2
260953,8,112,1
260965,6,286,1
261005,10,,2
261023,3,178,0
261031,2,228,0
261079,3,147,1
261121,7,139,0
261131,9,75,0
261131,5,174,1
261131,6,41,1
261139,2,74,1
261203,8,53,0
261259,9,805,1
261259,2,222,1
261259,4,,2
261295,6,77,0
261299,2,106,1
261299,9,58,1
261335,6,58,0
261365,3,392,1
261413,8,351,0
261433,10,449,0
261433,7,547,1
261433,4,209,1
261433,1,,2
261511,3,152,0
261607,4,159,0
261643,9,135,1
261643,3,44,1
261787,1,237,0
261787,1,39,0
261787,9,152,1
261787,10,48,1
261787,6,,2
261803,8,236,1
261913,2,375,1
261913,3,34,1
261913,5,,2
262053,5,463,0
262053,5,448,0
262063,1,52,1
262095,8,29,1
262155,6,243,1
262155,1,97,1
262155,3,26,1
262167,6,167,0
262173,13,117,0
262173,10,227,1
262173,3,,2
262257,6,,2
262287,5,231,0
262295,2,58,0
262295,4,,2
262305,4,213,0
262305,29,102,0
262305,5,,2
262305,10,,2
262335,5,883,0
262525,5,42,0
262925,8,513,0
262949,4,247,0
262977,7,245,0
263017,10,,2
263485,9,38,1
263695,5,2046,1
263695,9,564,1
263695,3,35,1
263695,7,,2
264031,7,214,1
264213,3,276,0
264213,2,47,1
264213,1,31,1
264213,7,,2
264353,5,,2
264373,7,1976,1
264373,4,331,1
264373,6,32,1
264373,10,,2
264373,4,,2
264373,8,,2
264509,34,1960,1
264635,7,111,0
264881,41,97,0
265111,5,135,1
265111,10,40,1
265147,9,131,0
265187,10,454,0
265299,8,36,0
265319,7,797,0
265319,10,193,1
265359,8,185,1
265359,10,,2
265443,6,26,1
265485,7,,2
265491,3,46,0
265539,2,237,1
265559,5,234,1
265559,3,226,1
265589,3,36,1
266021,8,52,1
266061,6,595,1
266061,10,,2
266085,7,2380,1
266085,6,,2
266085,8,,2
266673,31,450,0
266673,8,57,0
266673,21,2311,1
266709,9,,2
266849,10,41,1
266929,5,257,0
266929,8,99,1
266929,10,,2
266965,5,250,1
266965,14,154,1
266965,2,97,1
266965,9,,2
267163,9,329,1
267203,20,,2
267223,10,,2
267247,2,214,1
267303,7,158,1
267303,8,38,1
267343,5,46,1
267379,1,224,1
267379,2,,2
267399,11,204,1
267399,10,,2
267619,10,36,1
267835,9,595,0
267835,10,164,0
268051,9,99,1
268105,9,96,0
268117,2,92,1
268237,10,,2
268237,2,,2
268249,6,76,0
268285,9,52,1
268285,2,,2
268289,2,59,0
268289,2,,2
268299,1,49,0
268303,1,3222,1
268447,9,54,0
268447,9,527,1
268447,1,40,1
268487,12,221,1
268487,10,,2
268901,9,73,1
268925,6,70,1
269057,6,154,0
269069,2,35,1
269141,9,,2
269231,8,245,1
269231,9,,2
269511,10,559,1
269511,10,,2
269691,9,162,0
269789,7,,2
270095,9,232,1
270263,5,64,1
270263,7,,2
270263,1,,2
270263,6,,2
270503,8,176,1
270517,7,80,1
270547,3,73,1
270781,9,187,0
270793,6,661,1
270905,28,169,0
270911,2,32,0
270911,3,27,1
270911,3,,2
270951,10,,2
270991,5,,2
271019,7,146,0
271019,10,70,0
271019,5,85,1
271019,2,,2
271019,8,,2
271069,5,,2
271079,5,1150,1
271115,6,40,1
271135,5,53,1
271147,10,152,0
271147,7,112,0
271147,9,34,1
271147,3,,2
271165,3,38,1
271341,2,404,0
271341,2,350,1
271341,6,100,1
271341,8,,2
271341,10,,2
271345,3,88,0
271345,2,100,1
271433,4,98,1
271433,2,88,1
271449,8,,2
271521,4,,2
271529,3,84,1
271529,2,,2
271553,6,68,0
271559,1,,2
271901,9,,2
271985,3,274,1
272045,1,364,0
272045,3,396,1
272051,3,380,1
272059,8,306,0
272059,4,251,1
272191,6,,2
272199,4,233,0
272259,14,128,1
272259,10,,2
272267,4,3406,1
272339,9,30,0
272395,7,,2
272435,10,178,1
272543,4,335,1
272543,4,310,1
272543,6,,2
272585,2,309,1
272585,2,287,1
272585,7,,2
272733,37,286,1
272733,36,279,1
272733,30,278,1
272829,1,362,1
272829,4,,2
272929,5,73,1
272993,9,125,1
272993,5,71,1
272993,8,,2
272993,5,,2
273041,6,1708,1
273053,3,217,1
273055,1,267,1
273203,37,165,1
273459,8,1655,1
273651,8,1705,1
273651,7,37,1
273651,4,,2
273651,9,,2
273911,10,,2
273925,1,321,1
273955,3,31,1
273961,3,,2
274141,10,41,1
274245,2,695,0
274257,1,,2
274277,10,89,1
274325,4,264,1
274353,1,76,0
274353,10,60,0
274353,2,101,1
274367,7,71,0
274367,5,67,0
274407,5,47,1
274415,4,36,1
274439,1,,2
274551,4,211,1
274551,2,70,1
274591,14,119,0
274591,2,43,0
274591,10,,2
274719,6,568,0
274719,8,370,1
274737,3,39,1
274743,3,43,1
274935,8,,2
275033,7,,2
275073,5,,2
275077,2,,2
275365,8,37,1
275473,9,,2
275501,7,94,1
275501,8,88,1
275517,8,36,1
275577,3,,2
275613,9,172,0
276153,9,572,0
276189,6,54,0
276191,1,,2
276213,11,208,0
276233,2,217,0
276353,30,,2
276633,7,748,1
276713,8,,2
276753,4,290,1
276765,3,315,1
276783,9,32,1
276843,10,38,0
277051,8,40,1
277131,8,,2
277157,1,,2
277177,5,400,1
277397,1,132,1
277397,10,,2
278549,48,205,1
278549,6,196,1
278717,7,142,1
278805,4,422,0
278961,6,172,1
278981,10,34,1
279001,10,,2
279029,2,219,1
279053,4,26,1
279089,9,,2
279113,6,91,1
279113,7,87,1
279185,4,30,1
279203,9,241,0
279263,10,33,1
279283,1,264,1
279283,48,219,1
279363,40,,2
279517,7,,2
279541,4,35,0
279631,9,34,0
279667,9,133,1
279757,7,224,0
279757,3,,2
279797,28,216,1
279797,10,,2
280031,9,189,0
280151,30,,2
280205,3,,2
280223,9,98,1
280295,4,32,1
280331,6,219,1
280331,3,41,1
280459,32,214,1
280767,7,,2
280801,1,26,1
280921,10,36,0
281257,7,185,1
281317,6,90,1
281321,2,90,1
281321,3,68,1
281327,3,,2
281439,7,60,1
282251,7,52,0
282251,9,39,0
282311,6,36,1
282467,3,35,1
282567,5,53,1
282631,8,40,1
282643,6,53,0
282675,8,36,0
282691,2,650,1
282871,2,58,0
282871,6,42,0
282871,10,42,1
282871,9,,2
282871,3,,2
282927,4,2741,1
282945,9,1385,1
282985,4,152,1
282985,10,128,1
283017,8,679,1
283017,9,51,1
283027,1,,2
283039,3,160,0
283127,44,103,1
283687,8,42,1
283723,6,67,1
283723,9,,2
283723,7,,2
283723,1,,2
283783,31,837,0
283783,10,84,0
283783,5,64,0
283783,7,1059,1
283783,31,554,1
283783,8,64,1
283783,10,,2
283927,8,896,1
283927,6,124,1
284055,8,,2
284163,9,40,0
284203,4,323,0
284267,4,43,0
284309,7,87,0
284489,5,43,1
285209,10,150,0
285245,3,,2
285389,4,,2
285421,2,30,0
285621,10,31,1
285747,9,32,1
285835,4,,2
285853,9,76,1
285901,7,287,0
285901,2,69,1
285901,8,35,1
285929,7,549,1
286541,9,,2
286733,6,71,1
286841,6,42,1
287093,6,25,0
287163,7,,2
287379,4,684,0
287379,9,148,1
287409,1,39,1
287549,10,62,1
287559,5,79,0
287567,4,,2
287567,4,,2
287693,3,39,1
287797,2,58,1
287809,3,,2
287849,2,,2
287877,2,310,1
288059,7,40,1
288335,6,30,1
289235,7,1888,0
289235,9,2049,1
289291,4,,2
289401,5,369,1
289491,5,551,1
289599,6,131,0
289779,10,32,1
289875,8,,2
290051,8,,2
290387,6,205,1
290397,4,28,0
290397,5,372,1
290413,2,79,1
290413,6,45,1
290413,2,41,1
290437,1,53,1
290449,2,44,0
290489,2,28,1
290601,8,114,1
290857,8,,2
290917,10,,2
290997,4,670,0
290997,7,32,0
291269,8,176,1
291273,1,33,0
291529,2,33,1
291529,8,,2
291545,2,642,1
291609,8,898,1
291633,3,32,0
291673,2,1619,1
291973,9,1651,0
291973,9,43,1
291973,50,,2
292057,3,187,1
292243,31,156,1
292447,3,88,0
292647,4,36,1
292727,5,,2
293247,7,129,0
293247,10,,2
293255,4,126,1
293255,7,126,1
293275,1,203,0
293349,37,199,1
293385,1,755,1
293429,2,26,0
293609,9,,2
293619,5,,2
293619,5,,2
293703,6,40,1
293703,7,,2
293703,5,,2
293775,3,73,1
293791,1,34,1
293871,4,32,1
293907,9,34,0
293915,1,118,1
293935,10,202,1
294095,40,,2
294131,3,651,0
294141,5,38,1
294153,6,35,1
294453,10,568,1
294709,4,583,0
294733,6,,2
294757,6,740,1
294783,1,31,1
295123,10,326,1
295153,1,132,1
295201,4,39,1
295221,10,29,0
295557,4,,2
295677,10,591,1
295761,5,68,1
295761,7,,2
295797,9,297,0
295833,1,,2
296057,4,1461,1
296297,10,388,1
296377,4,31,0
296389,3,,2
296393,1,34,1
297253,10,,2
297253,9,,2
297265,9,60,1
297265,2,,2
297573,7,42,1
297581,2,,2
297691,5,90,1
297719,1,42,0
297909,5,31,0
297981,3,,2
298017,9,,2
298125,6,92,1
298125,10,67,1
298131,10,66,0
298131,3,66,1
298159,7,66,1
298159,2,35,1
298255,2,,2
298345,3,326,0
298361,8,457,0
298523,9,137,0
298589,1,34,1
298617,1,,2
298629,2,,2
299001,6,358,1
299081,4,44,0
299265,4,614,0
299309,11,610,0
299399,9,168,1
299561,3,215,1
299701,9,34,0
299701,10,104,1
299719,9,135,0
299799,8,41,0
299895,6,169,1
299943,1,43,1
300011,1,39,1
300031,5,,2
300055,2,,2
300115,10,51,0
300355,30,,2
300555,10,242,1
300711,10,57,0
300711,6,44,1
300945,9,775,1
300955,1,190,1
300955,4,30,1
301111,6,38,0
301251,7,621,0
301411,10,49,1
301417,3,34,1
301481,8,524,0
301607,7,,2
301751,36,176,1
301793,1,,2
302017,4,,2
302097,10,,2
302101,1,31,1
302139,1,34,0
302219,1,32,0
302291,6,119,0
302291,6,42,1
302315,4,285,1
302427,28,249,0
302511,7,,2
302535,4,49,1
302585,5,,2
302669,6,,2
302929,10,48,1
302955,9,789,0
302955,4,275,0
302955,1,47,1
303099,1,54,0
303099,6,392,1
303227,4,253,1
303263,9,35,1
303523,10,31,0
303571,6,,2
303739,42,198,0
304119,5,,2
304143,2,32,1
304363,5,,2
304667,8,,2
304791,2,72,0
304791,2,136,1
304791,6,71,1
304791,2,69,1
304851,5,1615,1
304851,2,40,1
304981,5,455,1
304981,3,236,1
304993,1,36,1
305035,7,,2
305255,5,157,0
305351,24,142,1
305363,2,,2
305383,2,402,1
305383,10,,2
305391,2,37,1
305393,1,,2
305553,8,77,0
305553,7,1531,1
305553,10,,2
305565,1,,2
305713,37,187,1
305725,6,,2
305741,4,695,0
305941,50,,2
305965,2,45,0
306097,6,,2
306177,4,36,1
306217,4,33,1
306337,6,,2
307081,6,183,1
307241,40,,2
307593,8,,2
307609,6,157,0
307609,3,69,1
307609,1,,2
307957,6,,2
308053,8,99,0
308065,9,365,0
308065,3,,2
308169,4,57,1
308189,2,39,1
308531,9,31,1
308747,6,333,0
308819,6,,2
308915,6,741,1
308979,8,,2
309069,45,131,0
309129,6,,2
309149,5,30,1
309245,6,248,0
309245,8,257,1
309713,9,248,1
309723,5,,2
309743,10,32,0
309745,1,631,1
309757,6,34,1
309777,5,255,0
310011,39,186,1
310041,3,284,1
310101,30,2440,0
310101,10,50,0
310101,3,38,0
310241,7,,2
310349,2,232,1
310469,10,38,1
310609,9,206,1
310609,5,168,1
310609,2,140,1
310609,10,,2
310609,6,,2
310765,6,30,1
311035,9,1477,0
311139,4,,2
311179,1,,2
311187,1,113,1
311187,7,61,1
311199,6,,2
311201,1,56,0
311285,7,351,1
311285,2,29,1
311525,10,155,1
312245,10,,2
312341,8,1133,1
312349,4,837,0
312353,2,821,1
312433,1,41,1
312433,10,,2
312433,10,,2
312441,1,,2
312549,6,38,1
312783,9,,2
312823,2,,2
312991,7,228,1
313031,5,,2
313079,1,26,1
313223,9,137,1
313223,5,59,1
313223,8,,2
313223,1,,2
313263,14,177,0
313263,10,259,1
313311,2,138,1
313375,4,38,1
313383,2,667,1
313431,8,45,0
313519,4,,2
313527,7,71,1
313527,2,,2
313527,3,,2
313527,10,,2
313623,4,41,1
313625,1,87,1
313625,9,75,1
313625,6,64,1
313627,1,86,1
313627,2,85,1
313675,2,39,0
313779,4,40,0
313879,10,,2
313901,1,39,1
313969,1,542,1
313989,10,,2
314005,8,,2
314125,6,509,0
314305,15,502,1
314365,10,42,1
314405,10,41,1
314495,5,,2
314515,5,316,1
314527,6,,2
314533,36,289,0
314533,3,40,1
314553,10,478,1
314557,2,414,0
314565,2,393,1
314625,30,,2
314769,36,322,1
314931,9,27,1
315001,5,,2
315101,10,2822,1
315107,3,2484,1
315167,1,262,0
315207,5,253,0
315207,10,,2
315219,3,30,1
315225,3,30,0
315261,6,35,1
315275,7,37,1
315307,8,,2
315323,3,150,0
315323,8,37,0
315323,8,52,1
315323,4,,2
315343,5,34,0
315379,6,,2
315403,6,32,1
315463,6,36,1
315483,5,39,0
315623,10,28,0
315629,2,209,0
315629,9,1329,1
315629,5,53,1
315629,1,,2
315649,10,34,1
315649,6,27,1
315709,3,35,0
315709,10,41,1
315725,4,,2
315797,3,,2
315839,5,176,1
315839,3,,2
315893,1,399,1
315893,10,62,1
315893,8,34,1
315905,3,33,1
315975,5,,2
315995,9,144,0
315995,3,81,0
315995,7,52,0
315995,2,36,0
315995,9,72,1
315995,10,,2
315995,5,,2
316035,2,114,0
316035,10,,2
316275,8,48,0
316275,10,,2
316279,1,127,1
316289,5,173,1
316329,10,94,1
316329,1,35,1
316649,8,1213,0
316841,4,,2
316865,2,,2
317365,10,43,1
317405,10,1003,0
317475,7,225,1
317503,7,224,1
317703,10,,2
317787,6,676,1
318027,8,,2
318035,1,48,1
318035,6,34,1
318135,10,37,0
318231,4,43,1
318231,6,,2
318735,21,219,1
318807,6,122,0
318807,4,122,1
318807,3,,2
318807,2,,2
319031,7,,2
319103,4,109,1
319343,10,,2
319433,5,29,1
319497,8,,2
319517,5,353,1
319717,10,,2
320197,5,33,1
320205,4,265,1
320207,1,32,1
320295,4,339,0
320295,10,36,0
320439,6,47,0
320719,10,298,0
320719,2,49,0
320755,9,247,1
320909,10,261,0
320909,7,,2
320909,10,,2
320933,8,149,0
320933,3,35,1
320973,10,,2
320985,2,112,1
321017,8,38,1
321177,40,,2
321231,3,,2
321279,8,100,1
321293,7,99,0
321293,6,96,0
321305,3,,2
321545,10,963,0
321681,8,194,1
321681,2,,2
321817,4,29,1
321845,2,58,0
322085,8,,2
322253,6,45,1
322253,7,,2
322285,8,,2
322333,8,152,1
322335,1,,2
322335,4,,2
322339,2,68,0
322381,8,125,0
322381,3,,2
322609,6,,2
322725,29,136,1
322781,7,86,1
322799,9,85,0
322823,4,,2
322855,8,33,1
322895,10,,2
322975,10,27,0
323375,10,,2
323439,8,56,0
324139,7,34,0
324171,8,32,1
324311,7,,2
324391,4,41,0
324587,7,78,0
324587,9,627,1
324587,2,281,1
324587,6,36,1
324587,7,,2
324827,10,,2
324907,9,153,1
324907,20,,2
324967,5,51,0
325023,7,256,1
325023,7,156,1
325023,10,106,1
325023,3,41,1
325023,3,39,1
325023,4,,2
325045,11,221,1
325045,14,112,1
325069,7,1568,0
325069,8,976,0
325069,4,109,0
325069,2,1441,1
325069,8,1438,1
325069,2,1193,1
325069,10,938,1
325069,1,,2
325069,5,,2
325129,4,109,0
325129,15,807,1
325129,30,,2
325161,4,34,0
325203,5,213,0
325203,8,89,0
325203,3,1145,1
325243,10,,2
325243,30,,2
325243,20,,2
325371,8,40,0
325451,1,286,0
325451,7,345,1
325451,4,326,1
325451,10,,2
325451,2,,2
325867,8,39,0
326035,9,404,1
326035,2,330,1
326035,7,,2
326203,6,236,0
326203,5,384,1
326203,2,380,1
326203,5,308,1
326203,7,301,1
326203,7,,2
326223,5,320,1
326223,3,299,1
326223,2,233,1
326225,1,,2
326333,6,294,1
326473,5,,2
326633,4,40,1
326633,40,,2
326833,9,86,0
326833,10,110,1
326957,31,82,0
326993,2,,2
327011,9,31,1
327155,6,,2
327263,6,,2
327443,5,221,1
327455,2,36,1
327527,13,115,0
327527,6,99,0
327527,2,207,1
327527,4,,2
327807,5,33,1
327835,2,68,1
327867,1,29,1
327977,5,51,1
328017,2,45,0
328029,2,84,0
328037,2,82,1
328037,5,81,1
328065,7,31,1
328225,10,195,1
328249,4,34,1
328263,7,37,0
328299,9,36,1
328335,9,33,0
328351,8,,2
328375,6,39,1
328387,6,,2
328459,9,37,0
328463,2,,2
328471,1,,2
328483,2,34,1
328499,2,26,0
328507,1,,2
328527,10,36,0
328539,6,33,0
328569,6,92,1
328569,5,,2
328569,1,,2
328569,3,,2
328573,3,66,1
328573,2,,2
328575,10,31,0
328575,9,37,1
328575,1,,2
328591,8,68,1
328611,10,47,1
328615,2,37,1
328623,2,776,1
328623,8,590,1
328631,4,32,1
328687,7,116,1
328699,6,30,1
329083,8,1914,0
329163,8,34,1
329583,6,112,1
329583,10,,2
330143,8,,2
330263,10,42,0
330567,8,34,0
330633,3,104,1
330641,2,99,1
330641,9,97,1
330861,5,45,1
330867,1,,2
331329,7,35,1
331373,2,1715,0
331685,9,483,0
331685,6,28,0
331685,6,76,1
331861,9,61,0
331861,7,39,0
331861,8,36,1
331961,10,316,1
331977,2,30,1
331993,8,28,0
332001,8,861,1
332001,9,345,1
332001,1,43,1
332001,2,,2
332361,10,39,0
332391,3,127,1
332433,7,,2
332609,4,396,0
332855,3,36,1
332903,6,,2
332963,16,3487,1
332963,3,272,1
332963,10,,2
332963,3,,2
333047,48,1602,0
333047,3,233,1
333047,8,35,1
333047,7,34,1
333079,1,1164,1
333439,5,799,1
333439,9,228,1
333439,9,,2
334453,39,210,1
334593,7,25,0
334673,2,84,1
334693,5,81,1
335233,10,56,0
335239,3,98,0
335239,4,71,1
335239,3,,2
335241,1,54,0
335331,3,,2
335339,2,88,1
335579,10,96,0
335591,6,89,1
335681,9,38,0
335921,10,43,1
336029,6,49,1
336041,6,678,1
336181,1,260,0
336181,4,57,0
336181,4,110,1
336181,10,,2
336289,9,228,1
336499,15,211,1
336527,7,93,1
336735,10,203,1
336735,8,,2
336775,4,215,0
336777,1,48,0
336847,5,41,1
336883,2,,2
336949,1,108,1
337029,8,43,1
337053,6,335,1
337053,9,318,1
337245,8,,2
337479,1,291,1
337479,10,124,1
337479,9,,2
337689,5,34,0
337731,1,,2
337803,2,520,1
338037,9,91,1
338071,17,89,0
338295,4,85,1
338329,17,82,1
338401,9,41,1
338743,9,425,0
338815,3,1509,1
338815,10,366,1
338839,4,360,0
339015,4,28,1
339175,4,684,0
339175,10,55,1
339231,4,480,0
339231,2,93,0
339231,7,52,0
339231,7,41,1
339271,4,33,0
339399,4,53,1
339399,8,,2
339439,1,45,1
339487,6,,2
339883,6,,2
339925,7,156,0
340123,9,36,0
340163,10,375,1
340195,8,114,1
340221,1,139,1
340269,6,148,1
340269,2,148,1
340345,9,152,1
340345,2,,2
340363,2,98,0
340363,9,115,1
340363,9,38,1
340435,3,50,1
340603,6,30,1
340663,1,38,1
340695,8,48,1
341495,10,33,1
341547,2,,2
341607,5,,2
342291,6,,2
342297,3,27,1
342369,6,901,1
342489,5,90,0
342617,4,,2
342697,10,43,1
342857,8,,2
342881,4,154,1
343241,10,828,1
343341,10,132,1
343373,8,31,0
343805,9,44,0
343965,8,36,1
344235,6,138,0
344235,5,61,1
344235,9,,2
344427,3,89,1
344427,4,,2
344543,2,,2
344723,10,56,1
344891,7,208,1
345011,30,204,1
345331,10,,2
345339,2,184,1
345359,2,32,1
345983,6,37,1
346067,2,,2
346195,8,61,0
346207,4,44,1
346207,6,,2
346467,7,97,0
346467,5,44,0
346467,10,44,1
346567,10,412,0
346573,3,2625,1
346629,10,941,0
346629,4,,2
346669,2,36,1
346693,6,30,1
346737,2,118,1
346773,1,217,0
346773,6,,2
346833,10,77,0
346849,8,104,0
346913,4,37,1
346921,41,201,0
346921,6,41,0
346921,2,148,1
347781,10,2522,0
347783,1,140,1
347873,8,134,1
347873,9,,2
347889,8,2507,1
348033,36,252,1
348081,8,37,1
348097,4,450,0
348133,9,47,1
348333,5,39,1
348377,1,176,0
348477,25,153,1
348517,5,202,1
349157,8,25,1
349589,8,1020,0
349589,10,73,0
349589,2,296,1
349589,8,,2
349595,3,,2
349895,6,466,0
349895,2,290,0
349895,10,42,1
349895,10,,2
350005,5,84,0
350053,8,,2
350153,10,39,0
350233,8,1689,0
350279,23,1674,1
350363,7,41,0
350543,15,345,1
350563,5,39,1
350575,2,41,1
350593,1,396,0
350593,1,,2
350593,5,,2
351373,30,,2
351393,1,135,1
351513,3,,2
351693,9,85,1
351773,8,76,0
351813,5,59,0
351817,2,32,1
351997,9,1295,0
352069,2,548,0
352327,43,378,0
352375,8,208,1
352415,20,,2
352415,4,,2
352535,5,550,0
352575,4,417,1
352575,20,,2
352835,7,761,1
352835,10,,2
352835,7,,2
352845,5,537,0
352989,3,33,0
353087,7,,2
353183,3,,2
353393,7,426,1
353393,9,44,1
353405,6,420,1
353405,13,324,1
353747,9,37,1
353763,2,2510,1
353771,2,2509,1
353811,5,37,1
354071,26,2489,1
354199,8,562,0
354239,9,255,0
354239,4,776,1
354245,3,239,1
354313,2,161,0
354349,2,2332,0
355309,40,2237,0
355405,5,33,0
355405,4,,2
355407,1,249,1
355407,1,,2
355467,5,,2
355515,4,224,0
355571,31,568,1
355571,18,208,1
355571,2,,2
355571,1,,2
355661,15,321,1
355679,1,46,1
355751,1,38,1
355805,9,41,0
355861,4,428,1
355923,1,33,0
355993,8,174,1
355993,7,,2
356005,6,,2
356005,3,,2
356021,1,48,1
356021,4,,2
356117,2,35,1
356201,7,73,1
356221,5,69,1
356251,5,65,1
356461,7,2272,1
356493,8,2018,1
356553,5,25,1
356689,4,52,1
357009,4,25,1
357229,10,238,1
357349,2,307,0
357589,40,,2
357599,5,28,0
357639,1,,2
357645,3,48,1
357701,5,44,0
357701,7,124,1
357701,10,69,1
357701,1,56,1
357845,6,1676,1
357973,8,39,0
358113,10,1430,0
358129,4,1422,1
358129,4,452,1
358141,3,,2
358253,8,35,0
358301,2,,2
358595,4,252,1
358595,3,,2
358691,8,332,0
358711,10,,2
358715,2,344,1
358731,2,35,0
358795,8,32,0
358891,3,119,0
358891,6,,2
359251,6,299,1
359251,7,280,1
359251,10,,2
359283,2,277,0
359283,8,,2
359283,7,,2
359351,34,283,1
359405,27,267,1
359525,17,3351,0
359525,30,,2
359717,4,153,0
359747,5,,2
360077,5,276,0
360077,5,40,0
360381,2,,2
360389,2,266,1
360611,37,201,0
360751,10,,2
360767,4,73,0
360767,3,107,1
360767,4,,2
360767,3,,2
360773,1,,2
360823,5,,2
360923,5,404,1
360955,4,37,0
360955,8,,2
360955,4,,2
360983,2,,2
361015,8,41,1
361199,4,189,1
361235,6,163,1
361331,24,152,1
361355,1,37,0
361355,3,,2
361739,3,,2
361747,4,53,0
362347,5,28,1
362923,8,2095,0
362923,4,2959,1
362923,8,,2
362923,6,,2
362947,4,37,1
363157,7,,2
363297,10,113,1
363321,1,1061,1
363341,5,,2
363365,3,44,1
363917,46,592,1
364121,6,36,0
364321,10,211,1
364361,10,26,1
364433,9,25,0
364459,1,35,0
364519,6,2842,0
364687,42,2824,1
364885,9,2899,1
364885,4,1967,1
365073,47,2813,1
365153,8,139,1
365177,6,42,1
365199,1,,2
365279,10,,2
366139,10,27,0
366199,1,217,0
366595,6,38,0
366799,6,87,1
366807,8,167,0
366807,4,,2
366825,9,58,1
366979,7,197,1
366979,10,141,1
367261,3,33,1
367401,5,35,1
367429,7,66,1
367505,1,33,0
367667,9,59,0
367673,9,35,1
367673,1,,2
367745,3,47,0
367745,6,41,1
367745,4,,2
367761,1,563,1
367801,4,253,1
367801,8,118,1
367801,5,45,1
367933,33,239,0
368013,10,35,1
368065,1,49,1
368185,10,245,1
368215,15,243,1
368503,4,39,0
368547,5,888,0
368547,1,46,1
368627,10,,2
368627,30,,2
368921,7,1134,0
368961,10,,2
369581,31,803,1
369641,5,31,1
369929,24,3333,1
369955,1,24,0
370143,2,35,1
370283,10,34,1
370955,7,42,1
370975,10,199,1
370983,1,52,0
371207,4,41,0
371243,3,33,1
371303,8,34,0
371303,6,,2
371743,10,,2
371761,5,74,0
371761,9,86,1
371773,6,194,0
371787,7,58,1
371871,2,34,0
372071,2,,2
372131,5,38,1
372257,7,50,0
372647,5,36,1
372717,1,30,1
372825,3,,2
372907,1,35,0
372927,10,,2
373007,4,,2
373039,2,62,0
373069,5,39,0
373075,3,513,0
373183,7,47,0
373183,6,42,1
373183,9,,2
373311,8,,2
373375,8,45,1
373567,8,,2
373959,3,514,0
373959,7,42,1
373995,2,27,0
374403,6,34,1
374483,8,74,1
374531,2,177,1
374531,7,46,1
374671,10,30,1
374719,6,29,0
374927,8,202,1
375687,10,1023,1
376035,6,41,1
376535,10,58,1
376551,6,122,1
376551,8,,2
376551,1,,2
376567,8,58,1
376675,2,81,1
376755,8,,2
376823,2,37,0
377063,10,,2
377103,4,,2
377123,5,,2
377231,1,42,0
377231,3,59,1
377231,6,37,1
377231,9,,2
377391,8,38,1
377661,5,1745,0
377671,5,128,1
377691,10,33,1
378131,10,237,0
378131,10,,2
378185,3,78,0
378601,8,36,0
378701,2,54,0
378745,1,35,1
378857,4,103,1
378867,8,31,0
378867,1,30,1
379395,10,1572,0
379395,6,300,0
379395,8,95,1
379971,6,329,1
379973,1,39,0
380015,3,128,0
380735,8,40,0
380735,4,150,1
380735,9,,2
380735,3,,2
380835,10,76,1
380849,7,,2
380849,6,,2
380919,5,81,1
380919,2,61,1
380923,1,,2
380933,1,59,0
381273,10,71,0
381305,8,,2
381655,5,51,1
381753,7,174,0
381993,8,,2
382461,9,,2
382561,10,222,1
382577,3,174,0
382577,9,152,0
382577,2,178,1
382617,5,121,1
382625,4,,2
382691,3,328,1
383031,10,215,1
383255,28,190,1
383255,5,50,1
383297,1,27,1
383549,7,228,1
383605,7,239,1
383605,13,123,1
383653,3,33,0
383701,6,,2
383965,6,807,0
384127,9,161,1
384147,7,75,0
384147,5,340,1
384147,9,123,1
384147,2,,2
384259,7,35,1
384323,8,,2
384413,3,332,0
384511,7,41,0
384535,6,179,1
385135,10,,2
385315,4,55,0
385315,10,234,1
385315,2,32,1
385337,11,232,1
385407,1,42,1
385871,8,,2
385951,5,119,1
386023,6,,2
386143,6,322,1
386143,9,79,1
386143,1,51,1
386255,7,45,1
386595,9,217,1
386595,10,,2
386829,9,167,0
386859,5,42,0
387153,7,210,1
387345,8,,2
387633,9,28,1
387653,2,,2
387765,1,47,0
387765,4,132,1
387765,8,132,1
387765,10,120,1
387825,10,,2
387825,7,,2
387883,1,,2
387897,7,,2
387929,8,42,0
388059,5,,2
388073,7,,2
388457,8,47,0
388473,4,,2
388477,2,32,0
388657,1,103,0
388657,9,45,1
388663,1,92,1
388751,4,38,1
388831,4,394,0
388833,6,147,0
388833,6,1790,1
388833,1,,2
389015,7,150,1
389015,9,55,1
389095,10,630,1
389115,5,,2
389235,10,315,1
389263,2,,2
389293,7,140,0
389293,3,109,1
389303,5,109,1
389347,2,272,0
389347,10,29,0
389627,10,,2
389627,10,,2
389775,9,40,0
389775,2,49,1
389919,6,195,1
390099,9,29,0
390315,4,144,1
390323,2,142,1
390323,7,92,1
390371,6,33,0
390561,5,,2
390725,41,280,1
390965,5,663,1
390965,3,83,1
390965,9,71,1
390965,3,62,1
390965,10,,2
390975,5,,2
391071,2,90,0
391071,4,181,1
391071,3,147,1
391071,6,139,1
391071,6,131,1
391071,1,49,1
391127,2,,2
391231,3,784,0
391231,3,471,0
391231,4,252,1
391413,7,32,1
391557,8,40,1
391569,2,29,1
391689,5,415,0
391689,5,,2
391697,2,414,1
391697,4,414,1
391701,2,30,0
391821,6,716,1
391901,40,,2
391919,3,35,1
391935,4,39,0
391965,3,31,1
391973,4,,2
392155,7,48,0
392239,7,36,1
392487,10,324,0
392487,2,220,0
392487,4,231,1
392525,19,228,0
392835,5,,2
392895,7,226,0
392895,2,152,0
392895,7,276,1
392895,2,,2
392935,10,199,1
392935,2,148,1
392935,14,133,1
392935,7,103,1
393047,8,33,0
393143,3,237,1
393163,10,,2
393471,14,113,1
393783,6,396,1
393783,3,136,1
393783,3,108,1
393873,9,73,1
393985,2,318,1
394165,5,734,0
394263,7,27,1
394683,7,,2
394831,37,258,0
394867,9,67,0
394875,1,,2
394877,1,32,1
395057,5,54,1
395057,5,32,1
395057,30,,2
395177,5,263,0
395177,4,44,1
395205,8,257,0
395205,7,249,1
395229,2,50,1
395253,3,,2
395253,8,,2
395253,6,,2
395757,9,38,1
395793,2,38,1
396027,9,29,1
396139,8,40,0
396211,3,30,0
396211,9,141,1
396373,9,57,0
396413,4,,2
396629,9,,2
396629,8,,2
396881,9,,2
396883,1,162,0
396891,4,,2
396909,9,63,1
397035,9,37,1
397035,6,28,1
397139,1,91,1
397139,4,,2
397139,7,,2
397145,3,90,0
397211,3,296,0
397395,4,1333,0
397411,8,930,0
397417,3,902,1
397417,2,41,1
397573,2,59,0
397573,6,242,1
397581,4,233,1
397581,13,131,1
397885,4,134,1
397901,1,419,1
397907,5,132,0
397907,3,54,0
397907,3,168,1
397907,8,109,1
398087,8,366,1
398087,6,,2
398099,3,29,1
398239,7,584,1
398239,7,84,1
398499,7,98,1
398499,10,,2
398499,10,,2
398515,8,30,0
398523,2,76,1
398553,5,44,1
398553,5,,2
398625,1,470,0
398625,7,88,0
398625,4,62,0
398625,7,44,0
398625,8,468,1
398625,5,87,1
398625,6,,2
398629,2,358,1
398783,7,76,0
398979,7,,2
398985,1,,2
399129,8,35,1
399225,4,255,1
399293,34,245,0
399389,8,40,1
399869,8,255,0
399945,19,251,1
400165,10,,2
400173,2,87,1
400281,6,,2
400299,9,345,0
400299,9,322,1
400307,4,,2
400343,2,188,0
400399,7,33,0
400507,6,,2
400539,1,269,1
400559,8,229,0
400559,10,,2
400629,7,316,1
400639,5,288,1
400639,5,,2
400647,2,303,1
400707,2,272,0
400707,30,,2
400707,30,,2
400743,33,267,1
400743,9,,2
400775,2,37,0
400797,1,550,1
400809,4,44,0
400809,1,161,1
400809,6,98,1
400833,10,86,0
400833,1,137,1
400833,7,107,1
400833,4,83,1
400905,1,,2
401205,5,37,1
401233,2,33,1
401237,1,240,1
401405,7,227,1
401477,3,38,1
401573,8,29,1
401585,7,69,0
401585,3,,2
401599,7,74,1
401599,4,71,1
401617,3,52,0
401617,8,38,0
401809,8,464,1
401809,10,57,1
401817,4,175,1
401817,2,38,1
401835,3,45,1
401931,6,38,1
401963,8,224,0
401963,1,132,1
401975,3,131,0
401997,1,40,0
402107,5,122,0
402147,5,35,0
402939,9,125,1
403059,3,107,1
403059,30,,2
403147,7,36,0
403147,4,153,1
403285,3,116,0
403385,5,39,1
403397,9,92,1
403397,2,,2
403481,3,40,0
403689,8,94,1
403701,3,89,1
403773,3,223,0
403813,10,36,1
403849,1,343,0
404119,9,36,1
404173,9,282,0
404173,9,69,0
404317,6,269,0
404733,8,,2
404769,6,35,1
404769,9,,2
404967,10,309,0
404967,9,87,1
404971,6,35,0
404971,2,81,1
405043,3,113,1
405043,5,27,1
405163,5,,2
405187,12,218,1
405197,5,39,1
405211,1,191,1
405251,20,181,0
405339,2,39,0
405555,4,29,0
405763,8,,2
405783,5,186,1
405913,5,265,1
405993,5,26,1
405997,2,86,1
406273,8,145,0
406273,46,240,1
406343,1,36,1
406355,6,211,0
406565,7,95,0
406565,9,69,0
406569,2,,2
406579,5,72,1
406669,5,204,1
406731,1,36,1
406793,1,55,0
406833,4,36,0
407001,2,37,1
407049,8,695,0
407049,5,48,1
407049,5,35,1
407049,6,,2
407089,2,74,0
407089,8,43,0
407327,7,44,1
407397,5,42,0
407397,5,230,1
407397,7,227,1
407397,8,64,1
407397,8,59,1
407493,4,,2
407523,3,35,1
407571,2,40,0
407761,5,756,0
408049,12,700,1
408049,31,522,1
408067,1,33,1
408307,8,339,1
408331,1,46,1
408547,9,362,1
408547,5,94,1
408547,10,28,1
408551,3,93,1
408551,1,,2
408595,2,352,0
408595,4,339,0
408787,7,446,0
408787,5,338,1
408787,8,,2
408807,2,279,0
408807,5,429,1
408851,2,287,0
408899,6,277,1
408971,4,30,1
409103,6,358,1
409183,10,,2
409453,3,36,1
409761,7,38,0
409789,7,366,0
409919,5,312,1
409959,10,,2
410071,8,33,0
410087,4,41,1
410321,9,40,0
410555,9,141,0
410681,9,38,1
410691,5,36,0
410907,6,264,1
410989,41,225,0
411025,9,,2
411097,9,71,1
411107,5,82,0
411113,3,58,0
411123,5,64,0
411123,5,41,1
411691,4,34,0
412171,6,,2
412411,10,138,1
412463,1,328,1
412479,4,,2
412539,10,34,0
412735,14,120,1
412861,9,29,1
412867,3,36,0
412871,1,339,0
413671,10,,2
413991,1,222,0
413991,10,54,1
414011,5,32,1
414067,6,44,0
414067,10,48,1
414067,4,,2
414067,9,,2
414259,6,36,0
414367,6,83,1
414447,5,35,1
414601,7,,2
414637,9,36,1
414857,5,,2
414897,1,116,0
415491,9,25,0
415539,8,35,0
415627,4,44,0
416509,9,36,1
417083,7,32,1